employee_id,tenure_months,months_since_last_promotion,salary_change_percent_1y,performance_rating_avg,performance_rating_trend,sick_days_ytd,unplanned_leaves_ytd,engagement_score_latest,engagement_score_trend,manager_changes,department_changes,training_hours_ytd,overtime_hours_avg,remote_work_percent,project_count,reports_count,resigned_within_6m
EMP-0001,103,28,4.38,4.67,0.4,9,2,3.2,0.3,0,1,43,16.3,43.4,9,3,1
EMP-0002,30,25,-1.09,2.28,-0.32,19,12,1.94,-0.45,3,3,14,44.7,15.3,1,1,1
EMP-0003,3,6,4.22,3.6,0.75,1,1,3.61,-0.17,1,1,79,3.1,69.7,8,2,0
EMP-0004,78,16,5.36,4.49,0.11,5,1,4.14,-0.26,1,1,63,23.5,93.7,7,6,1
EMP-0005,48,14,3.15,3.79,-0.15,7,4,3.78,0.05,0,1,45,24.1,76.4,6,0,1
EMP-0006,29,38,-1.17,2.02,-0.25,8,11,1.51,-0.27,2,3,2,50.9,3.0,0,1,1
EMP-0007,41,51,2.32,2.93,-0.3,23,10,1.97,-0.71,4,2,2,38.9,4.8,1,0,1
EMP-0008,1,4,9.3,4.66,0.29,8,1,3.05,-0.16,0,1,71,14.1,81.7,6,6,0
EMP-0009,103,38,1.78,2.34,-0.45,9,13,2.71,-0.43,3,2,10,33.0,4.9,0,0,1
EMP-0010,62,32,5.54,4.47,-0.2,8,2,3.01,0.36,0,1,56,17.3,56.2,9,6,1
EMP-0011,59,31,8.74,4.55,0.16,0,1,4.92,0.03,1,0,75,0.9,76.6,3,3,0
EMP-0012,54,22,5.62,4.86,0.04,1,4,3.98,0.98,1,0,87,2.0,62.2,2,6,0
EMP-0013,38,23,8.11,4.98,0.2,0,0,3.64,-0.06,0,0,39,8.1,53.2,3,2,0
EMP-0014,19,43,1.23,2.26,-0.09,14,5,2.76,-0.39,2,1,17,57.0,35.1,0,0,1
EMP-0015,16,25,14.77,4.27,0.06,0,3,4.12,0.85,0,0,38,18.1,93.8,9,5,0
EMP-0016,33,23,13.06,4.9,0.59,7,3,4.16,0.18,0,0,44,0.1,49.6,3,1,0
EMP-0017,54,34,10.48,3.84,0.51,0,4,3.36,0.18,1,0,86,16.4,74.1,5,2,0
EMP-0018,115,21,5.45,3.87,0.77,2,2,3.87,0.16,0,1,83,21.6,53.8,9,2,0
EMP-0019,4,34,11.99,3.57,0.79,4,2,4.5,0.94,0,0,65,24.2,97.8,2,3,0
EMP-0020,63,20,4.48,3.9,0.29,1,0,3.79,0.8,0,1,65,2.4,76.9,7,6,0
EMP-0021,66,26,5.84,3.98,0.65,8,2,4.42,0.42,1,0,45,20.3,92.0,6,3,1
EMP-0022,7,59,1.99,2.97,-0.08,23,6,2.01,-0.66,3,3,18,38.6,21.7,0,1,1
EMP-0023,58,45,-0.75,2.06,-0.32,18,8,2.28,-0.31,2,3,3,53.7,7.8,1,0,1
EMP-0024,99,39,2.88,2.77,-0.31,24,11,1.91,-0.6,4,2,4,27.4,3.2,0,0,1
EMP-0025,12,0,4.25,3.73,0.05,5,0,4.32,0.06,1,0,83,13.9,76.7,8,2,0
EMP-0026,76,25,6.63,4.64,-0.19,4,0,3.62,0.97,0,1,35,2.4,69.5,8,3,0
EMP-0027,33,53,1.25,2.07,0.07,11,5,1.89,-0.99,4,2,0,41.6,27.4,1,1,0
EMP-0028,80,1,2.34,4.38,0.74,7,3,3.78,0.54,0,0,70,20.5,77.6,2,0,0
EMP-0029,40,33,-0.97,2.41,-0.37,21,5,1.56,-0.44,4,1,7,35.4,27.3,1,1,0
EMP-0030,115,30,-1.41,3.05,-0.12,11,12,2.71,-0.75,3,1,8,42.7,23.0,0,1,1
EMP-0031,36,17,5.25,4.37,0.67,4,3,3.86,0.68,0,0,49,22.6,70.3,9,0,0
EMP-0032,86,12,13.64,4.08,-0.19,8,2,3.18,0.12,1,0,71,14.3,77.9,6,4,0
EMP-0033,99,11,6.27,4.51,0.55,6,0,3.23,0.91,1,0,33,13.7,66.5,8,4,0
EMP-0034,107,34,-1.41,2.21,-0.04,19,4,1.65,-0.92,2,2,8,52.9,28.2,0,0,1
EMP-0035,37,18,9.56,4.79,0.68,0,0,4.18,0.16,1,0,38,19.4,73.5,4,1,0
EMP-0036,90,42,-1.44,2.74,-0.49,15,12,2.62,-0.39,3,1,16,23.3,21.1,0,1,0
EMP-0037,58,31,9.23,3.98,-0.16,4,2,4.84,0.03,0,1,76,13.1,77.8,7,6,0
EMP-0038,31,0,10.16,4.38,0.7,8,2,3.56,0.94,1,1,95,2.7,60.1,3,3,0
EMP-0039,36,25,7.05,3.84,0.07,4,0,3.52,0.29,0,0,92,7.7,88.8,5,7,0
EMP-0040,29,36,2.55,3.23,0.07,12,12,2.13,-0.16,3,3,12,26.6,16.5,1,0,1
EMP-0041,18,31,14.81,4.07,0.55,8,2,4.68,0.79,1,0,20,0.3,44.5,5,0,0
EMP-0042,69,30,11.75,4.87,0.39,4,4,4.51,0.19,0,1,92,3.2,97.2,6,3,0
EMP-0043,62,0,10.73,4.43,0.16,7,1,4.0,0.32,0,0,69,21.3,73.1,6,5,0
EMP-0044,94,16,3.74,3.54,0.56,4,1,4.61,0.87,1,1,57,15.2,78.2,8,2,0
EMP-0045,51,57,-0.26,2.77,-0.03,17,6,2.55,-0.28,3,1,9,50.8,2.6,0,1,1
EMP-0046,6,25,-0.36,2.95,-0.36,22,12,2.19,-0.47,4,2,15,45.6,7.3,1,0,1
EMP-0047,67,31,8.16,4.5,-0.03,9,2,3.08,-0.08,1,1,80,0.8,72.9,6,0,0
EMP-0048,12,49,2.47,2.19,-0.3,16,13,2.7,-0.43,4,2,10,56.8,2.4,1,1,1
EMP-0049,1,7,11.73,3.78,0.01,7,1,4.52,0.39,1,0,45,0.9,55.1,8,2,0
EMP-0050,111,22,8.65,4.3,-0.09,9,2,3.79,-0.16,0,0,47,0.5,59.3,8,5,0
EMP-0051,90,48,2.45,2.89,-0.09,10,12,2.25,-0.92,4,2,1,42.3,23.5,1,0,0
EMP-0052,42,5,13.7,4.41,0.04,5,4,4.87,-0.29,0,1,89,6.1,49.6,4,5,0
EMP-0053,62,53,-1.13,3.35,-0.45,15,8,2.97,-0.9,3,3,3,20.2,39.0,1,1,1
EMP-0054,102,25,0.78,2.86,-0.33,19,8,1.78,-0.71,4,1,19,29.7,4.6,1,1,1
EMP-0055,64,10,14.12,3.98,0.39,5,1,3.91,0.41,1,1,21,8.1,88.6,2,6,0
EMP-0056,101,8,11.88,4.39,0.27,6,2,3.7,0.91,1,1,69,3.1,83.9,2,1,0
EMP-0057,76,34,2.86,4.61,0.37,7,2,4.59,-0.04,1,0,56,20.4,79.9,3,5,0
EMP-0058,4,24,13.4,4.09,0.62,6,2,4.25,0.4,0,0,44,8.9,63.5,3,5,0
EMP-0059,53,29,2.7,2.94,-0.3,22,4,2.3,-0.2,2,2,0,48.3,31.1,0,1,1
EMP-0060,68,21,11.28,4.24,0.55,5,4,3.22,0.8,1,1,75,12.6,72.4,6,6,0
EMP-0061,68,11,12.03,3.52,0.4,3,3,4.43,0.48,1,0,93,8.6,53.6,8,6,0
EMP-0062,90,11,13.85,3.71,-0.1,0,3,4.19,-0.17,1,1,24,23.1,82.4,3,0,0
EMP-0063,92,54,1.03,2.64,-0.06,15,12,2.89,-0.59,3,1,13,27.5,33.5,0,0,1
EMP-0064,54,38,-0.0,2.08,-0.3,16,6,2.1,-0.52,4,2,1,38.6,19.2,0,0,0
EMP-0065,43,23,9.51,3.75,-0.17,0,0,4.56,0.06,1,1,68,4.5,97.7,2,3,0
EMP-0066,118,21,3.11,5.0,0.3,0,4,3.79,0.25,1,0,81,5.1,51.4,6,4,1
EMP-0067,30,15,9.34,3.6,0.58,1,1,4.07,0.33,1,1,70,3.9,50.9,6,6,0
EMP-0068,103,26,-0.13,2.41,-0.11,8,10,2.97,-0.24,4,1,7,21.1,8.9,1,0,1
EMP-0069,59,31,-1.48,3.2,-0.39,8,11,1.65,-0.78,3,2,10,58.5,37.8,1,0,0
EMP-0070,14,30,6.21,3.63,0.43,0,4,3.05,-0.06,1,0,79,17.6,94.6,6,3,1
EMP-0071,11,1,6.72,3.55,0.63,4,0,3.87,0.08,1,1,43,2.9,73.9,4,5,0
EMP-0072,87,55,0.13,2.03,-0.34,15,5,2.45,-0.77,3,2,10,36.9,5.3,0,0,0
EMP-0073,98,22,10.88,4.73,0.33,9,3,4.0,-0.21,0,0,95,5.2,40.7,6,2,0
EMP-0074,57,30,13.36,4.4,0.4,8,4,3.35,0.89,1,0,81,13.0,42.8,5,5,0
EMP-0075,107,24,-1.59,2.9,-0.35,18,11,2.16,-0.18,4,3,7,42.7,19.0,0,1,1
EMP-0076,118,21,11.52,3.82,-0.17,3,2,4.19,-0.23,1,0,92,19.3,46.4,2,7,0
EMP-0077,17,0,8.44,4.53,0.23,6,2,4.64,0.74,1,0,31,9.0,45.5,4,0,0
EMP-0078,61,40,2.75,2.67,-0.39,23,11,2.64,-0.42,2,3,4,47.7,34.0,0,1,1
EMP-0079,89,11,4.88,4.98,0.74,9,0,3.36,0.44,1,0,33,3.0,83.9,4,7,0
EMP-0080,72,46,1.98,3.12,-0.47,10,5,2.28,-0.42,3,3,2,42.4,19.2,0,0,1
EMP-0081,43,49,1.62,2.1,-0.31,24,7,2.69,-0.71,3,1,15,37.1,35.1,1,0,1
EMP-0082,99,57,-1.89,3.31,-0.18,10,14,3.0,-0.68,3,1,11,45.1,34.9,0,0,0
EMP-0083,10,29,7.43,4.13,0.54,0,2,3.93,0.09,1,1,37,5.8,42.5,2,4,1
EMP-0084,110,38,0.14,2.58,-0.09,19,14,2.92,-0.29,4,2,6,55.2,37.8,0,1,1
EMP-0085,77,57,-1.16,3.49,-0.36,20,13,1.57,-0.65,2,1,2,53.0,32.0,1,0,1
EMP-0086,87,8,14.06,4.99,-0.03,9,2,4.52,0.6,1,0,51,11.6,77.4,6,6,0
EMP-0087,89,8,13.63,4.79,0.26,7,2,3.55,0.32,0,0,95,0.9,59.7,2,4,0
EMP-0088,11,33,7.31,4.06,0.06,4,1,4.07,0.95,1,0,47,1.9,91.1,9,4,0
EMP-0089,96,52,2.53,2.86,-0.1,15,14,2.8,-0.34,4,1,15,48.3,33.5,0,0,1
EMP-0090,42,35,10.04,4.63,-0.04,9,0,3.06,0.77,1,1,72,18.6,49.6,5,1,0
EMP-0091,78,12,8.6,3.51,0.09,0,0,4.26,0.04,1,1,54,3.2,57.0,8,1,0
EMP-0092,105,31,12.92,4.09,-0.02,4,4,4.58,-0.07,1,1,87,7.5,82.5,7,0,1
EMP-0093,10,0,2.75,3.61,0.65,3,2,3.26,0.69,0,0,30,20.5,62.3,9,2,0
EMP-0094,75,22,7.8,3.91,0.8,0,2,3.9,-0.09,0,0,48,7.5,90.4,8,5,0
EMP-0095,84,45,-1.34,3.3,0.08,22,8,2.46,-0.64,2,1,2,32.5,12.8,1,0,1
EMP-0096,34,34,2.4,4.48,0.17,7,3,3.37,0.83,0,1,98,11.3,71.8,8,2,0
EMP-0097,93,47,2.6,2.92,-0.02,21,10,1.69,-0.38,2,2,15,39.7,2.6,1,0,0
EMP-0098,117,1,12.37,3.97,0.26,7,4,3.14,0.21,1,0,57,7.3,81.7,2,3,0
EMP-0099,102,7,11.42,4.62,-0.05,8,3,4.4,0.43,1,1,21,13.4,93.0,7,0,1
EMP-0100,77,25,7.16,3.7,0.37,9,1,4.64,-0.25,1,0,94,3.1,93.8,2,5,0
EMP-0101,73,30,9.04,4.56,0.67,1,3,4.6,0.14,0,0,26,16.5,73.2,7,1,0
EMP-0102,22,25,8.25,3.56,-0.04,1,3,3.49,-0.09,0,0,38,24.4,60.2,9,4,0
EMP-0103,119,31,8.48,4.33,0.52,5,4,4.99,0.97,0,1,93,10.1,53.2,7,6,0
EMP-0104,79,32,12.93,3.76,0.76,9,4,4.69,0.52,1,1,39,12.6,72.6,4,7,1
EMP-0105,105,35,2.38,4.09,0.41,1,3,3.84,0.06,0,1,31,9.6,67.9,6,6,0
EMP-0106,97,58,1.88,2.61,-0.14,17,5,1.77,-0.23,2,1,14,43.7,23.2,1,1,0
EMP-0107,103,5,10.48,3.97,0.2,2,4,3.02,0.46,1,1,55,24.2,67.2,4,1,0
EMP-0108,67,13,6.3,4.17,0.47,8,0,3.9,0.46,1,0,76,4.2,50.1,2,2,0
EMP-0109,37,11,8.17,4.77,0.61,5,3,4.08,-0.26,1,1,92,13.3,96.2,6,0,0
EMP-0110,119,58,0.26,3.4,-0.31,24,6,1.56,-0.87,2,2,10,20.7,12.9,0,0,1
EMP-0111,39,30,5.3,4.28,0.14,5,3,3.25,-0.13,1,1,69,5.0,80.4,3,4,0
EMP-0112,1,7,4.03,3.85,0.76,1,0,4.68,0.93,1,1,36,20.8,91.9,2,3,0
EMP-0113,91,31,1.98,3.38,-0.14,23,8,2.5,-0.48,3,2,17,44.2,12.7,0,0,1
EMP-0114,89,12,12.17,4.35,0.54,3,1,3.81,0.13,1,0,89,22.5,92.7,8,2,0
EMP-0115,109,34,-0.12,2.45,-0.11,22,4,2.05,-0.64,2,3,0,29.5,14.9,1,1,0
EMP-0116,90,34,1.02,3.0,-0.13,21,12,2.07,-0.22,3,2,11,26.0,21.1,0,1,1
EMP-0117,100,14,7.13,4.32,0.55,4,2,3.02,0.54,1,0,44,16.4,62.8,5,4,0
EMP-0118,13,45,-1.03,2.25,-0.13,21,14,2.89,-0.52,3,2,17,36.0,39.1,1,0,1
EMP-0119,94,10,3.6,4.79,0.6,6,0,4.13,0.03,1,1,87,2.2,88.9,5,7,0
EMP-0120,45,12,9.82,4.73,0.68,8,1,3.42,0.49,1,0,61,22.5,61.2,3,2,0
EMP-0121,37,3,5.57,4.73,0.22,9,0,3.19,0.51,0,0,88,4.2,84.2,3,0,0
EMP-0122,119,20,3.24,3.54,0.44,6,2,3.46,0.21,0,0,44,24.7,48.2,6,1,0
EMP-0123,67,34,2.96,2.19,-0.44,13,13,2.86,-0.3,2,1,3,27.7,12.9,0,1,0
EMP-0124,41,27,0.21,3.25,-0.1,19,14,2.46,-0.76,3,3,11,33.0,13.3,1,1,1
EMP-0125,87,1,6.72,4.99,0.25,3,3,3.18,0.95,0,0,66,5.0,72.1,7,5,0
EMP-0126,55,15,2.02,3.95,0.78,2,4,3.24,0.97,1,0,84,21.1,71.3,7,5,0
EMP-0127,82,31,1.78,2.19,-0.0,13,7,2.56,-0.97,2,3,17,33.7,15.2,1,0,1
EMP-0128,73,0,5.97,4.1,0.25,3,1,4.03,0.9,0,0,79,21.3,52.5,8,0,0
EMP-0129,42,41,1.14,3.01,-0.18,21,9,1.71,-0.81,3,1,14,36.1,6.9,1,0,1
EMP-0130,82,37,2.88,2.96,-0.01,8,7,2.41,-0.87,3,2,19,40.1,15.9,0,0,0
EMP-0131,117,33,2.89,3.54,-0.06,3,4,4.1,0.96,1,1,32,23.4,92.6,6,3,0
EMP-0132,63,5,2.0,3.53,0.4,6,2,3.77,0.43,1,1,21,12.1,85.3,8,7,0
EMP-0133,79,8,7.59,3.76,-0.13,2,3,4.24,0.52,1,0,71,4.3,79.3,7,6,0
EMP-0134,50,34,6.78,4.12,0.63,4,4,4.54,-0.29,1,1,40,0.5,55.6,3,6,0
EMP-0135,58,4,4.8,3.52,0.04,4,4,4.6,0.95,1,0,79,16.2,70.0,9,6,1
EMP-0136,117,25,3.65,4.8,0.04,1,2,3.75,0.21,1,1,40,23.9,48.0,9,0,0
EMP-0137,9,0,12.52,3.61,0.08,1,1,3.51,0.72,1,0,53,9.7,67.0,2,6,0
EMP-0138,17,46,0.59,2.23,-0.06,8,10,2.52,-0.96,2,3,10,46.4,32.1,0,1,1
EMP-0139,17,28,0.54,2.58,-0.22,11,14,2.96,-0.15,4,3,10,36.5,22.0,1,1,1
EMP-0140,8,33,-1.9,2.12,0.08,15,11,2.44,-0.66,3,3,16,30.2,10.4,0,0,1
EMP-0141,89,9,12.38,3.94,0.78,5,4,4.16,0.67,1,1,30,1.1,46.6,3,6,0
EMP-0142,73,24,6.89,4.33,0.19,1,3,3.48,-0.14,1,0,65,0.3,99.5,3,7,0
EMP-0143,94,11,13.95,3.88,0.56,4,3,3.11,0.12,1,0,41,13.5,83.7,3,4,0
EMP-0144,85,14,3.19,4.95,0.29,6,3,4.47,0.4,0,0,75,15.3,46.4,8,4,1
EMP-0145,30,24,11.89,3.74,0.26,7,0,4.48,0.85,1,1,83,20.0,52.2,3,4,0
EMP-0146,46,50,-1.06,2.53,-0.03,11,9,2.77,-0.24,2,2,13,50.0,30.3,1,0,0
EMP-0147,16,30,5.97,4.81,0.8,3,4,4.29,0.71,1,0,45,9.8,64.8,9,6,0
EMP-0148,21,9,10.05,4.03,0.59,3,0,4.18,0.33,1,0,99,5.6,82.2,9,5,0
EMP-0149,24,33,9.79,4.4,-0.18,2,0,4.27,-0.11,1,0,95,19.6,82.5,8,3,1
EMP-0150,64,42,0.2,2.22,-0.3,8,5,2.06,-0.94,4,3,10,49.3,12.0,0,0,0
EMP-0151,70,3,8.45,3.77,0.49,6,0,4.9,-0.04,1,0,29,8.4,41.6,2,5,0
EMP-0152,118,5,8.74,3.95,0.74,9,2,3.86,0.83,0,1,56,12.0,66.1,9,4,0
EMP-0153,100,29,1.16,2.07,0.04,10,4,2.67,-0.99,2,2,13,44.4,5.4,0,1,1
EMP-0154,24,24,14.44,3.6,-0.14,5,3,3.55,0.06,1,1,29,6.8,85.6,3,0,0
EMP-0155,77,5,2.85,4.23,-0.17,3,1,4.81,-0.12,1,1,52,19.3,45.2,8,1,0
EMP-0156,32,10,14.52,4.34,0.74,9,1,3.84,0.04,0,0,77,24.5,48.7,8,1,0
EMP-0157,37,47,-0.31,2.46,0.07,19,12,1.77,-0.98,2,3,9,23.6,27.4,0,0,1
EMP-0158,24,33,7.25,4.31,0.59,0,0,4.23,-0.01,1,0,93,4.1,96.7,9,0,0
EMP-0159,66,9,8.01,4.12,0.45,5,3,3.12,0.37,1,0,29,24.5,87.6,2,7,0
EMP-0160,32,30,2.36,2.82,-0.04,22,11,1.69,-0.41,3,3,8,42.4,30.0,0,0,0
EMP-0161,66,24,3.22,4.02,0.08,9,3,4.6,0.18,0,0,69,2.3,66.5,4,7,0
EMP-0162,12,9,3.22,4.04,0.56,4,4,3.62,0.54,0,1,61,11.2,73.5,3,6,0
EMP-0163,80,26,-0.18,3.35,-0.4,13,4,2.4,-0.97,2,3,4,37.6,24.6,1,0,0
EMP-0164,32,8,12.45,4.26,0.77,6,4,4.34,0.53,1,1,78,4.1,40.8,2,2,0
EMP-0165,97,3,11.35,4.84,-0.12,4,2,3.37,0.82,1,1,69,2.8,85.6,2,2,0
EMP-0166,66,8,6.65,4.24,0.63,9,4,3.23,-0.19,0,0,54,3.5,60.9,8,1,0
EMP-0167,58,10,10.46,4.43,0.15,4,3,3.94,0.97,0,0,35,2.7,58.9,9,3,1
EMP-0168,47,5,13.12,3.84,0.64,6,2,4.39,0.37,1,0,82,1.7,85.8,6,5,0
EMP-0169,116,37,2.52,2.35,-0.02,20,5,2.48,-0.21,4,3,1,37.9,18.4,1,0,0
EMP-0170,72,34,7.37,4.7,0.28,0,0,3.84,-0.26,1,0,41,21.5,57.5,4,2,0
EMP-0171,42,18,12.46,3.53,0.76,8,2,4.26,0.39,0,0,33,5.5,47.2,5,7,0
EMP-0172,81,53,-1.77,2.85,-0.33,21,14,1.61,-0.8,3,2,8,21.9,36.1,1,1,1
EMP-0173,105,21,13.6,3.78,-0.12,0,3,4.17,0.99,1,0,40,1.6,89.9,4,3,0
EMP-0174,33,8,13.83,4.5,0.63,7,0,3.05,0.6,1,1,73,10.9,86.4,2,2,0
EMP-0175,26,28,4.22,4.92,0.25,8,4,4.28,0.58,1,1,23,9.6,69.3,7,3,0
EMP-0176,66,23,9.81,4.62,0.31,6,0,3.01,-0.25,1,1,46,3.5,56.6,2,0,0
EMP-0177,93,34,4.55,4.42,0.08,7,0,4.03,-0.29,1,0,81,20.8,90.6,2,1,1
EMP-0178,39,20,7.7,3.83,0.2,5,0,3.79,-0.19,0,0,40,8.6,70.4,2,6,0
EMP-0179,13,10,2.58,4.18,0.73,0,3,4.46,0.85,0,0,31,16.9,57.8,3,6,0
EMP-0180,92,28,-1.99,2.95,-0.47,20,10,1.56,-0.22,3,2,3,35.4,18.2,1,0,1
EMP-0181,19,27,9.14,4.85,0.2,2,0,4.88,0.57,0,1,85,22.2,75.9,7,1,0
EMP-0182,51,8,9.96,4.81,0.52,4,1,4.06,0.78,1,1,21,0.3,65.3,4,2,0
EMP-0183,65,14,2.57,3.68,0.36,8,0,3.13,0.2,0,1,55,16.8,56.5,6,5,0
EMP-0184,30,57,-0.08,2.68,-0.15,16,10,1.98,-0.48,3,3,3,35.7,21.0,1,1,0
EMP-0185,28,30,-1.29,3.34,-0.29,17,5,2.46,-0.69,4,3,10,32.4,27.1,0,1,0
EMP-0186,34,11,9.28,3.66,-0.03,1,4,3.46,0.97,0,0,64,9.6,42.3,7,2,0
EMP-0187,64,26,4.08,3.54,0.56,4,1,4.8,-0.15,1,1,54,22.2,76.2,5,0,0
EMP-0188,113,28,5.75,4.94,0.19,5,3,4.96,0.32,0,1,72,20.8,66.4,3,1,1
EMP-0189,32,20,6.45,3.91,0.77,6,3,3.69,0.45,1,0,32,15.7,69.3,4,4,0
EMP-0190,17,34,13.44,4.44,0.37,9,2,3.4,0.21,1,0,36,17.8,94.4,8,7,0
EMP-0191,91,33,11.39,4.3,0.67,4,2,4.1,-0.22,1,1,60,21.9,96.6,2,2,0
EMP-0192,19,25,14.75,4.23,0.66,6,1,3.98,0.38,1,1,42,9.7,70.7,2,2,0
EMP-0193,114,16,13.25,4.97,0.21,2,3,4.61,0.32,0,0,91,21.3,66.3,2,0,0
EMP-0194,96,31,-1.69,3.33,-0.23,20,10,1.53,-0.57,2,2,10,54.9,21.1,1,1,1
EMP-0195,21,15,12.66,4.0,0.53,8,2,5.0,0.58,0,1,90,0.1,42.6,5,0,0
EMP-0196,37,0,2.9,3.51,0.74,8,0,4.69,0.5,1,0,28,18.1,56.8,5,5,0
EMP-0197,95,10,6.53,3.67,0.61,1,4,4.91,0.38,1,1,59,2.8,90.5,5,7,0
EMP-0198,102,25,-1.64,2.6,-0.32,9,10,2.1,-0.74,3,3,6,39.1,9.0,0,1,1
EMP-0199,53,12,9.85,4.04,0.45,5,0,4.44,0.83,1,1,91,13.9,78.2,3,5,0
EMP-0200,50,27,5.05,3.95,0.09,3,4,4.83,0.64,1,0,50,7.1,48.0,3,6,0
EMP-0201,75,11,7.23,3.65,-0.01,9,1,3.55,0.62,0,1,69,11.7,60.4,5,0,0
EMP-0202,64,28,14.1,4.74,-0.07,8,2,4.73,0.44,1,0,70,10.8,94.6,9,7,0
EMP-0203,76,16,10.93,4.24,0.19,8,1,3.28,0.03,0,0,52,7.0,47.8,5,6,0
EMP-0204,25,53,-0.66,2.71,-0.12,12,13,1.66,-0.55,4,1,2,38.3,8.4,1,0,1
EMP-0205,108,6,11.98,4.12,0.62,1,0,4.31,0.31,1,1,64,0.9,63.7,9,6,0
EMP-0206,36,17,11.58,4.96,-0.15,7,0,4.78,0.07,0,0,76,20.6,86.9,6,3,0
EMP-0207,47,9,2.19,4.07,0.14,5,0,3.25,0.24,0,0,36,22.7,56.0,6,2,0
EMP-0208,25,59,-1.79,2.6,-0.04,23,4,2.28,-0.12,4,2,9,50.8,32.3,1,0,1
EMP-0209,6,30,-1.91,2.44,-0.04,14,7,2.46,-0.49,4,1,3,41.9,35.2,0,0,1
EMP-0210,32,10,12.79,4.41,0.09,5,2,3.61,-0.21,0,0,47,11.8,43.6,5,1,1
EMP-0211,4,25,14.87,3.86,0.33,3,1,4.29,0.43,1,0,36,5.6,51.7,3,0,0
EMP-0212,26,48,1.91,2.87,-0.41,15,11,2.86,-0.85,4,3,0,33.8,36.7,1,1,1
EMP-0213,60,30,11.2,3.59,-0.05,4,3,4.26,0.28,1,0,69,7.5,85.7,9,4,0
EMP-0214,21,4,10.07,4.89,0.56,9,4,3.92,0.43,1,0,27,5.2,43.0,2,0,1
EMP-0215,112,10,12.31,4.78,0.04,5,0,3.39,0.94,1,1,83,23.8,71.4,5,2,0
EMP-0216,101,48,2.6,2.26,-0.37,13,7,2.74,-0.34,2,2,16,58.4,20.9,1,1,1
EMP-0217,119,31,-1.19,2.72,-0.07,22,4,2.19,-0.3,3,2,11,20.5,0.4,0,1,0
EMP-0218,28,20,4.89,3.98,0.65,7,2,3.51,0.02,0,0,32,0.0,94.1,7,7,1
EMP-0219,119,50,2.77,2.74,-0.19,14,4,2.45,-0.92,3,3,2,58.0,23.1,1,0,0
EMP-0220,18,28,9.33,4.04,0.46,1,0,3.38,0.89,1,0,29,21.0,85.1,6,1,0
EMP-0221,65,16,3.93,4.52,0.02,3,4,4.44,0.43,0,0,95,19.0,56.9,5,6,0
EMP-0222,47,6,13.0,4.1,0.56,6,1,4.78,0.41,0,0,27,4.7,59.9,8,5,0
EMP-0223,28,26,2.9,4.91,0.31,2,2,4.67,0.13,1,0,43,8.8,89.5,3,0,0
EMP-0224,49,22,2.59,3.94,0.73,4,0,3.0,0.24,1,1,76,24.3,53.6,7,4,0
EMP-0225,61,19,5.0,3.5,0.53,5,2,4.33,0.66,0,0,77,7.6,59.5,2,7,0
EMP-0226,27,13,3.63,4.01,0.8,3,4,4.08,-0.11,1,0,50,18.8,41.2,3,6,0
EMP-0227,9,16,14.38,3.56,0.07,3,3,4.26,-0.13,0,1,84,17.7,50.3,2,0,0
EMP-0228,88,25,1.49,3.07,-0.22,8,10,1.69,-0.23,2,1,1,52.3,7.8,0,1,1
EMP-0229,6,19,14.72,4.78,0.5,6,0,3.62,0.33,1,1,87,9.6,41.5,5,2,0
EMP-0230,104,13,11.15,4.96,0.24,3,2,4.0,0.62,0,0,59,1.3,70.3,4,7,0
EMP-0231,6,36,2.81,3.07,0.07,23,14,2.82,-0.27,4,3,1,54.9,26.9,0,1,1
EMP-0232,7,37,1.12,2.86,-0.0,23,11,1.58,-0.51,3,1,10,27.7,16.5,1,0,1
EMP-0233,5,27,7.26,3.6,0.58,1,0,4.37,0.13,1,1,66,9.5,98.9,5,5,1
EMP-0234,7,38,-1.42,3.17,-0.03,17,12,2.97,-0.94,2,2,16,24.1,21.9,1,1,1
EMP-0235,41,4,4.47,4.37,0.0,0,3,3.15,0.49,1,0,54,6.7,57.2,3,5,1
EMP-0236,22,25,9.85,3.62,-0.12,5,3,3.59,-0.18,1,0,85,6.7,40.9,4,5,0
EMP-0237,79,26,10.79,4.56,0.41,8,2,3.54,0.48,0,1,84,2.9,66.9,6,6,0
EMP-0238,59,21,14.21,3.51,0.57,3,1,3.75,-0.23,0,0,64,14.6,55.2,5,2,0
EMP-0239,1,9,7.19,4.76,-0.01,5,0,4.0,0.67,1,0,44,10.9,55.5,6,2,0
EMP-0240,73,26,2.12,4.38,0.41,8,0,3.48,0.63,1,0,42,1.3,94.7,9,6,0
EMP-0241,97,4,3.0,4.87,0.15,1,2,3.43,0.48,1,1,67,8.3,93.1,8,2,1
EMP-0242,36,12,12.23,4.1,0.31,6,2,4.04,-0.21,1,0,92,5.2,88.0,8,0,0
EMP-0243,60,27,13.9,4.79,-0.16,4,1,4.26,0.02,1,1,59,11.1,79.0,6,6,0
EMP-0244,92,17,12.72,3.94,0.24,8,4,3.6,0.35,0,0,73,0.7,52.6,2,6,0
EMP-0245,3,13,2.15,4.11,0.72,4,4,3.14,-0.06,0,1,90,18.0,89.6,4,2,0
EMP-0246,68,28,-1.96,3.39,-0.23,17,10,1.88,-0.33,3,1,12,32.3,36.6,1,0,1
EMP-0247,36,15,13.39,3.65,0.19,2,4,4.01,-0.05,1,0,61,22.1,60.7,9,2,1
EMP-0248,30,21,5.85,4.19,0.21,3,4,3.33,-0.3,1,0,25,19.7,57.8,7,0,0
EMP-0249,30,16,7.38,4.6,0.68,9,1,4.27,0.46,1,0,47,7.8,50.0,8,5,0
EMP-0250,19,14,11.74,4.36,0.79,8,0,3.86,0.4,1,1,66,18.8,52.2,3,2,1
EMP-0251,13,0,10.21,4.3,-0.08,0,4,3.23,0.14,1,1,45,12.8,46.9,3,0,1
EMP-0252,67,6,12.05,4.93,0.58,0,2,3.14,0.32,0,0,51,17.9,92.9,7,3,0
EMP-0253,73,24,0.33,3.31,-0.38,19,6,1.93,-0.52,2,3,18,54.2,35.3,0,0,1
EMP-0254,53,53,1.24,2.02,-0.33,9,11,2.82,-0.65,2,3,19,45.9,3.0,1,0,1
EMP-0255,45,38,-0.84,3.41,-0.47,10,6,1.61,-0.34,4,3,3,38.6,28.9,1,0,1
EMP-0256,107,55,-1.96,2.33,-0.1,24,12,1.51,-0.28,2,3,15,22.7,30.7,1,1,1
EMP-0257,101,31,8.73,3.71,0.47,6,3,3.39,0.86,0,1,36,6.5,76.3,6,7,0
EMP-0258,90,35,13.08,4.31,0.56,9,4,4.43,0.05,1,1,78,4.6,76.0,3,5,0
EMP-0259,94,35,1.62,3.12,-0.17,9,5,2.07,-0.26,3,2,16,30.9,27.7,0,0,1
EMP-0260,38,26,1.18,2.49,-0.34,21,14,2.39,-0.76,4,1,14,52.9,18.5,0,1,1
EMP-0261,88,19,12.06,4.62,-0.05,7,0,3.93,0.04,0,0,54,20.6,77.8,7,1,0
EMP-0262,48,5,7.58,3.8,0.31,6,4,4.65,0.8,0,0,73,17.7,98.0,4,3,0
EMP-0263,12,30,12.42,4.51,-0.19,2,4,3.64,0.95,0,0,40,19.6,74.0,8,3,0
EMP-0264,48,34,2.2,3.53,0.72,0,3,3.08,0.79,0,1,22,15.6,91.9,3,2,0
EMP-0265,25,27,2.95,3.14,-0.23,17,14,2.37,-0.49,4,3,13,34.9,24.7,0,0,1
EMP-0266,5,44,2.91,2.97,-0.02,13,12,2.26,-0.15,2,2,17,24.4,37.0,1,0,1
EMP-0267,87,24,10.43,3.91,-0.04,6,3,3.83,-0.03,1,1,66,11.3,96.9,3,3,0
EMP-0268,50,32,9.93,4.55,0.64,5,3,4.92,0.4,1,1,32,3.8,74.4,7,1,0
EMP-0269,36,49,1.7,2.14,-0.14,15,11,1.85,-0.18,4,2,10,28.4,34.5,0,1,1
EMP-0270,48,26,11.59,3.93,0.6,2,2,3.06,0.87,0,0,76,11.6,90.8,7,5,1
EMP-0271,20,11,12.62,4.78,0.74,2,2,4.58,0.24,1,1,39,1.4,96.5,9,3,0
EMP-0272,15,43,2.87,3.14,0.08,15,11,1.73,-0.81,2,2,9,30.3,14.2,0,0,1
EMP-0273,96,35,4.74,4.71,-0.05,5,1,4.66,0.62,1,1,81,3.4,74.8,9,7,0
EMP-0274,110,23,10.11,3.91,0.29,0,0,3.92,0.1,0,0,72,10.5,67.5,6,0,0
EMP-0275,48,17,10.67,4.67,0.66,6,4,4.98,0.86,1,1,96,18.5,69.6,5,5,1
EMP-0276,83,6,3.52,4.7,-0.08,6,3,3.83,0.37,1,0,25,14.2,74.8,3,5,0
EMP-0277,95,27,2.85,3.4,-0.06,13,9,2.78,-0.85,4,3,12,36.3,36.1,1,0,0
EMP-0278,38,7,9.26,4.06,0.59,2,1,3.73,-0.19,0,0,50,14.3,60.3,5,0,0
EMP-0279,41,54,-0.91,3.31,-0.35,11,13,2.69,-0.44,2,1,3,38.3,14.0,0,1,0
EMP-0280,58,7,13.97,3.56,0.09,7,2,3.48,0.88,0,0,47,19.0,49.3,3,5,0
EMP-0281,82,16,11.15,4.9,0.18,1,4,4.35,0.69,1,0,59,5.7,80.2,5,1,0
EMP-0282,108,30,3.6,4.44,0.08,8,3,4.86,1.0,1,0,94,11.2,54.2,8,3,0
EMP-0283,97,13,13.89,3.78,0.72,0,2,4.6,0.21,0,0,62,16.3,52.6,3,4,0
EMP-0284,85,44,2.18,3.39,-0.28,13,8,2.62,-0.61,2,1,2,36.7,11.7,0,0,0
EMP-0285,66,18,10.28,4.4,0.45,7,3,4.7,0.93,0,1,87,8.8,94.8,5,1,0
EMP-0286,13,31,9.06,4.02,0.24,2,1,3.56,-0.12,1,0,47,6.5,60.6,9,0,0
EMP-0287,63,11,4.41,4.06,0.73,8,3,3.55,0.14,0,0,53,4.7,40.3,7,1,0
EMP-0288,73,49,1.24,2.41,-0.39,12,6,2.64,-0.95,4,3,11,54.6,10.0,0,1,0
EMP-0289,87,30,6.64,4.64,0.1,6,0,3.88,0.65,0,1,40,10.7,89.9,7,4,0
EMP-0290,62,32,3.52,4.52,0.75,3,0,3.33,-0.15,0,1,66,0.4,74.9,6,3,0
EMP-0291,99,45,0.62,3.05,-0.25,17,12,2.91,-0.93,4,1,4,23.9,3.0,0,1,0
EMP-0292,59,28,4.94,4.84,0.58,7,3,4.23,0.82,1,1,58,4.3,74.1,8,7,1
EMP-0293,61,27,14.79,3.89,0.77,4,1,3.1,-0.23,1,0,74,5.5,99.4,2,0,0
EMP-0294,63,20,11.69,3.61,0.7,7,0,3.66,-0.03,0,1,97,22.8,73.9,7,6,0
EMP-0295,72,14,12.71,4.08,0.26,4,2,3.03,0.58,1,0,42,13.3,42.0,6,1,1
EMP-0296,20,5,4.1,4.48,0.77,0,0,4.43,-0.21,1,1,34,15.3,96.3,5,2,0
EMP-0297,81,58,-0.23,2.83,-0.26,23,11,1.98,-0.61,4,3,17,24.2,14.2,0,1,0
EMP-0298,58,13,5.62,3.83,0.09,7,2,3.06,0.88,1,0,47,13.0,82.6,4,5,0
EMP-0299,8,23,14.59,3.89,0.11,1,3,4.83,0.53,0,1,49,18.8,71.9,6,4,0
EMP-0300,93,57,2.12,2.22,-0.0,13,11,2.77,-0.61,2,3,5,30.0,33.8,1,1,0
EMP-0301,96,32,-0.46,2.86,-0.3,10,13,1.51,-0.12,4,1,8,28.4,34.3,1,1,0
EMP-0302,35,21,3.72,4.07,0.42,9,2,5.0,-0.05,1,0,37,3.0,96.3,8,1,0
EMP-0303,83,4,5.99,4.32,0.22,1,4,4.13,0.27,1,1,77,8.5,88.3,2,5,0
EMP-0304,99,33,3.0,3.85,0.63,5,4,3.61,0.04,1,1,21,23.2,65.2,7,2,0
EMP-0305,75,39,0.87,2.59,-0.48,23,9,2.67,-0.72,4,2,11,34.6,22.6,1,1,1
EMP-0306,90,26,11.22,3.91,0.7,6,3,3.85,0.78,0,0,55,20.4,95.8,9,3,0
EMP-0307,28,28,10.14,3.93,0.08,9,4,4.74,0.69,0,0,34,9.9,71.8,4,4,0
EMP-0308,106,20,12.47,4.64,-0.05,3,0,3.54,0.17,1,1,35,4.3,89.6,7,4,0
EMP-0309,19,22,12.44,3.87,0.78,3,3,4.79,0.09,0,0,38,16.2,92.5,8,0,0
EMP-0310,20,8,9.09,3.66,-0.15,6,2,3.72,0.57,0,1,53,0.8,66.7,8,6,0
EMP-0311,68,42,-1.15,2.53,-0.04,9,14,2.12,-0.62,2,2,6,57.4,27.6,0,0,1
EMP-0312,119,44,1.9,2.02,-0.01,24,4,2.24,-0.82,4,1,9,51.7,24.1,1,1,1
EMP-0313,19,25,5.74,3.64,0.76,2,3,3.3,0.86,1,1,68,17.1,74.5,7,3,0
EMP-0314,38,51,1.84,2.34,-0.08,15,4,2.44,-0.33,3,3,4,46.0,8.5,0,1,1
EMP-0315,114,26,11.54,4.01,0.28,1,3,3.66,0.3,0,1,67,0.7,77.9,2,2,0
EMP-0316,36,23,8.4,4.45,0.61,1,4,4.61,0.47,1,0,43,9.1,72.8,6,1,0
EMP-0317,88,37,2.0,3.29,-0.41,13,7,2.99,-0.35,4,1,3,44.2,12.3,0,1,1
EMP-0318,20,41,0.91,2.38,-0.05,23,14,2.89,-0.71,4,2,6,20.6,29.2,1,0,1
EMP-0319,109,46,0.78,2.51,-0.42,19,4,2.75,-0.17,3,1,12,55.8,25.8,1,0,1
EMP-0320,78,14,13.59,3.52,0.12,2,4,4.92,0.44,0,0,89,20.3,63.0,3,4,0
EMP-0321,69,26,5.12,3.64,0.11,6,2,4.66,0.97,0,0,73,21.8,99.7,7,2,0
EMP-0322,65,0,7.24,4.51,0.48,2,0,4.26,-0.13,0,1,95,14.3,55.4,8,3,1
EMP-0323,115,18,11.49,4.43,-0.01,8,3,3.89,0.5,1,0,91,3.1,97.8,9,2,0
EMP-0324,26,22,9.61,4.31,-0.11,2,2,4.17,0.41,1,0,45,7.4,96.0,3,2,0
EMP-0325,19,5,5.28,3.96,0.41,0,2,4.62,0.46,1,0,26,16.0,68.0,2,3,0
EMP-0326,26,35,-0.21,3.37,-0.49,23,12,2.96,-0.25,3,1,19,47.0,15.8,0,0,1
EMP-0327,110,10,6.81,4.33,0.59,1,3,4.16,0.15,0,1,48,8.5,70.4,7,2,0
EMP-0328,30,27,14.97,4.18,0.15,7,0,3.83,0.2,0,0,83,11.4,63.8,9,6,0
EMP-0329,89,30,1.24,3.43,-0.41,17,12,2.4,-0.48,3,3,19,31.9,6.5,1,1,1
EMP-0330,4,40,1.1,3.05,-0.37,14,5,2.81,-0.48,2,3,3,41.6,3.2,0,1,1
EMP-0331,78,17,4.24,4.82,0.36,3,4,3.16,0.92,1,1,58,12.6,52.0,7,2,0
EMP-0332,66,11,12.77,4.68,0.08,6,4,3.25,0.84,0,1,25,18.1,42.4,7,2,1
EMP-0333,101,17,9.55,4.9,0.47,0,1,4.62,0.94,0,0,28,21.8,40.8,6,0,0
EMP-0334,107,14,9.93,3.54,-0.08,1,2,3.38,0.3,1,0,77,11.1,42.9,3,2,0
EMP-0335,68,17,5.44,4.26,-0.13,1,3,4.87,0.31,0,0,74,6.2,92.0,8,3,0
EMP-0336,96,27,2.19,4.22,-0.18,5,4,4.21,0.69,1,0,93,13.6,62.4,8,4,0
EMP-0337,111,2,4.4,3.8,0.19,5,3,3.8,0.37,0,0,27,6.8,51.6,8,3,0
EMP-0338,51,20,2.34,4.33,0.32,2,0,4.12,0.95,0,0,34,19.4,89.3,7,7,0
EMP-0339,113,0,6.3,4.38,0.25,0,0,4.87,0.98,1,1,97,6.1,61.5,4,5,0
EMP-0340,111,28,2.74,2.21,-0.27,21,5,2.51,-0.85,4,3,14,36.5,26.1,1,0,1
EMP-0341,68,33,2.54,4.95,0.35,7,4,3.47,-0.17,1,1,85,14.7,46.7,8,6,0
EMP-0342,76,36,-0.6,2.52,-0.03,10,10,1.86,-0.21,3,1,11,39.6,25.2,0,0,1
EMP-0343,86,46,-1.92,2.29,-0.01,8,6,2.28,-0.94,3,1,4,47.7,5.6,0,1,1
EMP-0344,80,12,10.04,4.35,-0.14,2,3,4.99,-0.29,0,0,45,22.7,99.5,2,5,0
EMP-0345,23,46,0.42,2.63,-0.29,18,5,2.36,-0.85,2,3,12,29.0,2.8,0,1,0
EMP-0346,51,6,12.14,4.35,0.06,8,4,4.13,0.74,1,1,64,12.2,48.0,6,5,0
EMP-0347,117,27,9.79,4.27,0.09,1,0,3.99,0.07,1,1,64,8.0,46.3,4,6,0
EMP-0348,117,34,2.79,3.55,0.51,3,4,3.25,0.03,0,1,44,0.6,91.7,4,1,0
EMP-0349,89,15,9.76,4.72,0.23,5,2,3.51,0.13,0,1,99,5.0,54.8,3,0,0
EMP-0350,45,5,9.67,3.6,0.63,6,1,4.55,0.63,1,1,92,15.1,63.2,9,0,0
EMP-0351,109,8,5.82,3.9,0.13,8,3,4.41,0.56,0,1,21,20.4,41.1,6,1,0
EMP-0352,61,30,3.73,4.46,0.12,8,4,3.0,0.87,1,0,55,12.5,80.5,3,3,1
EMP-0353,73,30,-0.44,2.62,-0.37,15,10,1.63,-0.65,3,3,4,50.6,27.7,1,1,1
EMP-0354,108,16,4.37,4.95,0.23,9,2,3.62,0.26,1,1,83,15.9,63.9,5,2,0
EMP-0355,111,39,2.06,3.24,-0.02,19,10,2.65,-0.87,4,2,3,35.1,13.6,0,1,1
EMP-0356,111,7,3.07,4.4,0.29,0,4,4.72,0.81,1,1,44,22.8,45.9,7,4,0
EMP-0357,25,16,10.7,3.85,0.04,1,3,4.6,0.82,1,0,67,8.2,79.7,7,2,0
EMP-0358,72,19,5.76,4.67,0.6,0,4,4.48,0.58,1,0,22,4.2,43.2,4,0,1
EMP-0359,91,39,2.25,2.58,-0.4,18,13,2.32,-0.83,2,1,16,38.4,33.1,1,0,1
EMP-0360,116,34,12.91,4.51,0.5,0,3,4.45,-0.15,1,1,97,8.2,44.3,4,6,0
EMP-0361,50,59,-0.83,3.04,-0.12,20,12,1.7,-0.12,2,2,19,41.8,39.0,1,0,0
EMP-0362,108,13,6.47,4.28,0.24,6,4,3.83,-0.22,0,1,21,1.8,79.8,9,5,0
EMP-0363,93,19,7.49,4.68,-0.0,1,1,4.35,-0.12,1,1,21,23.3,79.6,7,5,0
EMP-0364,81,24,7.66,4.88,0.15,8,4,3.41,0.24,0,1,28,13.8,70.8,7,5,0
EMP-0365,34,52,-1.4,2.1,-0.07,8,4,2.56,-0.72,2,2,10,49.8,28.4,1,0,0
EMP-0366,55,35,13.93,3.66,0.03,1,1,3.55,0.51,1,1,73,8.5,66.7,8,4,0
EMP-0367,42,16,13.2,4.8,-0.19,9,1,3.92,0.99,1,1,26,18.9,54.9,2,3,0
EMP-0368,110,28,11.18,4.02,-0.19,9,2,3.24,-0.28,1,1,46,0.0,58.5,2,0,0
EMP-0369,24,6,4.43,4.33,0.09,2,4,4.75,0.88,0,0,60,13.4,90.4,7,7,1
EMP-0370,18,16,6.09,4.51,0.64,7,2,4.27,-0.14,1,1,54,19.0,42.6,6,4,0
EMP-0371,70,0,14.42,3.87,0.66,5,1,4.02,0.7,1,1,62,0.4,88.2,8,3,0
EMP-0372,53,6,8.55,4.82,0.75,6,2,4.4,-0.05,0,0,31,19.9,84.4,5,0,0
EMP-0373,54,29,1.97,2.33,-0.39,20,10,1.89,-0.13,2,3,3,27.2,15.7,0,0,0
EMP-0374,61,1,11.93,3.66,0.78,6,4,3.69,0.52,0,0,53,11.3,71.9,8,2,0
EMP-0375,58,31,11.06,4.89,0.62,3,1,3.3,0.48,1,0,79,3.3,51.8,8,6,0
EMP-0376,42,11,9.81,4.54,0.16,0,2,4.6,-0.07,1,1,90,10.3,52.0,5,5,0
EMP-0377,63,25,6.11,3.58,0.41,4,0,3.16,-0.11,1,0,36,5.8,90.9,9,0,0
EMP-0378,62,23,6.0,4.89,-0.04,7,1,4.48,0.41,0,0,43,2.0,92.6,3,7,0
EMP-0379,84,17,4.62,4.84,-0.09,3,1,4.0,0.46,0,0,28,7.9,70.0,5,4,0
EMP-0380,119,42,-1.56,2.73,-0.09,21,4,2.17,-0.56,3,1,9,42.1,12.0,1,0,1
EMP-0381,56,2,7.64,4.77,0.16,3,3,4.88,0.51,1,1,35,1.0,84.7,2,0,0
EMP-0382,25,9,2.81,4.08,0.38,6,3,4.24,0.32,0,0,97,13.6,52.2,8,0,0
EMP-0383,26,19,4.81,4.95,0.52,1,3,3.95,0.87,1,0,32,15.5,80.8,5,1,0
EMP-0384,21,27,7.57,3.58,-0.18,6,4,4.33,0.79,1,1,39,18.2,76.0,5,7,0
EMP-0385,66,59,0.09,2.46,0.06,21,9,2.25,-0.84,3,3,18,27.7,22.2,0,1,0
EMP-0386,84,26,13.07,3.63,0.16,4,2,3.55,0.78,0,0,72,13.4,78.1,6,5,0
EMP-0387,17,49,-1.79,2.48,-0.16,15,13,2.5,-0.61,3,3,13,47.8,7.7,0,1,1
EMP-0388,34,9,11.44,3.68,0.1,2,0,4.13,0.48,0,1,23,14.6,47.4,5,0,1
EMP-0389,74,33,4.39,3.99,0.29,8,3,3.98,0.39,0,1,72,18.2,88.8,9,7,0
EMP-0390,36,28,7.01,4.26,0.66,1,4,4.61,-0.12,1,0,39,23.1,70.1,2,1,1
EMP-0391,38,21,6.37,4.88,-0.19,0,2,4.48,0.33,1,1,91,8.4,50.8,2,5,0
EMP-0392,39,23,8.18,4.67,0.55,3,3,3.48,-0.05,1,0,71,9.4,98.9,2,2,0
EMP-0393,23,57,0.01,2.64,-0.27,14,11,2.92,-0.77,4,1,4,21.6,18.0,1,0,0
EMP-0394,118,17,6.32,3.97,-0.09,4,1,3.81,0.99,1,1,55,12.9,57.1,2,3,0
EMP-0395,42,18,10.91,3.94,0.0,5,0,3.19,0.24,0,1,37,22.8,76.6,7,5,0
EMP-0396,13,18,6.46,4.78,0.36,9,3,4.81,0.67,1,0,95,2.0,81.0,3,1,0
EMP-0397,88,11,3.64,4.37,0.57,4,4,4.3,0.87,0,0,72,7.9,90.7,9,6,0
EMP-0398,7,51,1.38,2.45,-0.39,13,4,1.81,-0.37,2,1,15,30.1,17.7,0,1,0
EMP-0399,77,22,14.38,4.01,0.79,7,4,3.64,-0.29,1,0,28,13.5,94.8,7,3,0
EMP-0400,56,34,3.74,4.9,0.55,9,4,4.35,0.17,1,1,87,15.7,52.9,2,7,0
EMP-0401,101,33,-1.84,2.35,-0.31,17,9,2.97,-0.42,2,3,11,29.6,25.2,0,0,1
EMP-0402,53,17,11.63,4.31,0.45,1,0,4.19,0.34,0,0,69,18.6,53.7,5,3,0
EMP-0403,69,33,8.17,3.75,0.15,7,2,4.15,0.58,1,0,81,16.6,65.2,2,2,1
EMP-0404,73,3,8.56,3.51,0.49,6,2,4.03,0.81,0,1,99,13.4,83.0,4,3,0
EMP-0405,80,29,7.02,4.95,0.5,5,1,4.73,0.32,0,1,74,0.8,83.6,5,6,0
EMP-0406,58,22,4.06,3.59,0.62,4,4,3.58,0.31,0,0,49,15.4,50.5,5,3,0
EMP-0407,84,42,0.36,2.34,-0.4,11,14,2.91,-0.69,3,2,8,27.2,35.6,1,1,1
EMP-0408,102,26,14.79,3.58,-0.1,0,4,4.53,-0.2,0,0,77,3.4,68.1,6,7,0
EMP-0409,38,18,12.19,3.52,0.56,0,4,4.58,0.98,1,1,25,22.7,87.1,4,4,1
EMP-0410,92,15,14.51,4.26,0.25,5,0,4.92,-0.11,1,0,89,23.8,89.4,2,0,0
EMP-0411,109,2,12.67,4.09,0.25,8,4,4.02,0.04,1,1,75,24.2,96.7,4,4,0
EMP-0412,77,22,12.32,4.44,0.74,7,1,4.92,0.4,0,0,66,13.4,81.3,4,0,0
EMP-0413,69,17,5.74,4.31,0.33,3,4,3.11,-0.13,1,1,87,15.1,53.6,4,7,0
EMP-0414,14,28,0.58,3.49,-0.13,24,11,2.73,-0.99,2,3,8,51.3,19.4,0,0,1
EMP-0415,86,26,6.45,4.71,0.04,0,4,4.01,0.04,0,1,81,4.6,70.8,9,5,0
EMP-0416,32,26,11.19,4.48,0.67,1,3,3.9,0.9,1,0,55,2.3,67.5,8,0,0
EMP-0417,73,7,14.57,4.94,0.05,3,3,3.65,0.86,1,0,97,17.2,56.4,5,4,0
EMP-0418,38,3,12.68,3.71,0.55,9,4,4.42,-0.29,1,1,37,19.5,71.3,5,1,0
EMP-0419,17,3,7.27,3.5,0.65,6,1,3.13,0.47,1,0,53,21.0,41.8,3,4,0
EMP-0420,114,31,4.83,3.7,0.75,2,4,3.4,0.15,0,0,85,3.1,57.4,2,3,0
EMP-0421,6,18,7.34,4.56,0.02,2,4,3.78,0.97,0,0,22,11.1,58.2,9,5,0
EMP-0422,35,30,5.48,4.15,-0.11,5,0,3.37,0.0,0,0,21,0.2,64.6,5,3,0
EMP-0423,43,25,7.77,3.71,0.66,9,3,4.45,0.6,0,0,60,2.6,74.1,6,7,0
EMP-0424,74,32,7.16,4.15,0.37,2,2,3.52,0.37,1,0,75,13.7,82.9,4,7,0
EMP-0425,31,10,7.84,3.94,0.73,3,0,3.11,0.28,1,0,58,23.2,92.1,6,6,0
EMP-0426,91,5,5.92,4.85,0.43,0,4,4.0,0.69,0,1,24,0.9,78.3,6,4,1
EMP-0427,94,54,-0.52,2.4,-0.24,19,5,1.83,-0.91,3,3,1,55.1,21.1,0,1,1
EMP-0428,59,4,10.44,4.8,0.63,7,4,3.15,-0.15,0,1,26,3.4,55.6,7,4,0
EMP-0429,87,27,9.93,4.75,0.51,2,0,4.86,0.82,1,0,58,24.9,55.8,9,4,0
EMP-0430,116,34,-1.88,3.05,-0.06,14,9,2.96,-0.94,4,3,17,55.2,20.6,0,0,1
EMP-0431,28,0,13.85,4.16,-0.16,2,1,4.65,0.61,1,1,88,21.5,67.8,7,4,0
EMP-0432,31,9,5.58,4.1,0.73,5,0,4.96,0.56,1,0,45,7.9,47.5,4,7,0
EMP-0433,1,39,0.99,3.3,0.03,23,10,2.24,-0.22,4,2,5,53.6,35.1,1,0,0
EMP-0434,117,30,-1.04,2.15,0.05,15,13,2.41,-0.43,2,1,14,47.4,30.1,1,1,1
EMP-0435,36,43,-1.05,2.6,0.07,16,11,1.69,-0.53,3,3,13,59.9,21.7,0,0,1
EMP-0436,91,23,14.57,4.16,0.06,7,4,4.35,-0.03,1,0,46,17.3,58.3,2,4,0
EMP-0437,27,24,-1.61,2.77,-0.29,10,9,2.37,-0.44,3,2,17,53.4,2.2,0,1,1
EMP-0438,103,23,5.72,4.46,0.11,0,4,3.07,0.45,0,0,65,19.4,53.1,9,3,0
EMP-0439,45,49,0.42,2.02,0.05,11,11,1.72,-0.42,3,3,15,43.0,14.0,0,0,0
EMP-0440,90,27,0.24,2.61,0.09,9,10,2.86,-0.95,4,3,6,56.6,10.6,1,0,1
EMP-0441,101,38,-0.97,2.92,-0.37,11,4,2.2,-0.94,3,2,3,25.8,4.2,1,0,1
EMP-0442,65,28,-1.29,2.2,-0.11,12,8,2.32,-0.92,2,2,17,25.0,14.6,1,0,0
EMP-0443,100,28,2.51,4.18,0.69,2,0,3.85,0.14,1,1,67,16.9,98.8,4,1,0
EMP-0444,103,43,-0.62,2.34,0.01,23,7,2.45,-0.61,4,3,4,50.5,37.4,1,0,1
EMP-0445,81,4,13.37,4.61,0.05,3,1,3.54,0.89,0,1,97,8.7,58.9,3,4,0
EMP-0446,79,28,5.89,4.19,-0.1,6,2,4.3,0.23,1,1,83,1.2,74.8,3,6,0
EMP-0447,20,48,2.03,2.12,-0.25,8,7,2.87,-0.55,2,2,4,59.1,38.6,1,0,0
EMP-0448,67,53,-0.93,3.17,-0.38,16,13,2.1,-0.62,2,3,12,56.2,5.5,0,0,1
EMP-0449,2,30,9.55,4.89,0.3,4,1,3.13,0.49,1,0,53,15.9,44.2,7,5,0
EMP-0450,55,2,14.95,4.21,0.62,4,2,3.78,0.86,1,0,85,6.2,94.6,3,4,0
EMP-0451,100,21,5.6,4.17,0.15,7,1,3.33,0.95,1,1,44,16.6,60.6,9,7,0
EMP-0452,83,22,14.29,4.45,0.24,2,1,3.01,0.25,0,0,35,20.3,75.3,5,7,0
EMP-0453,5,51,-1.65,2.87,-0.14,22,4,2.31,-0.95,3,2,15,48.1,20.3,1,0,1
EMP-0454,113,1,13.92,4.7,0.25,7,1,4.17,0.34,1,0,81,6.1,94.9,7,5,0
EMP-0455,6,49,0.67,2.95,-0.17,23,10,1.72,-0.16,2,1,9,51.1,8.8,0,1,1
EMP-0456,2,24,14.05,4.57,0.22,5,2,3.17,0.98,1,0,67,15.8,82.9,3,6,0
EMP-0457,73,35,1.24,2.37,-0.07,12,4,2.51,-0.45,3,1,8,33.2,9.9,1,1,0
EMP-0458,99,21,11.52,4.53,0.01,2,3,3.41,0.9,1,1,68,24.1,60.5,3,7,0
EMP-0459,87,1,10.84,4.74,-0.05,2,1,4.58,0.5,0,0,86,15.8,93.9,7,6,0
EMP-0460,21,0,7.2,4.92,0.21,3,3,4.8,0.88,1,1,22,20.6,87.5,9,5,0
EMP-0461,86,22,13.05,3.93,0.75,2,2,3.3,0.4,0,0,65,0.4,97.6,8,2,0
EMP-0462,87,1,11.12,3.52,-0.15,4,4,3.68,0.94,0,0,39,12.5,44.3,3,0,0
EMP-0463,2,31,4.73,3.99,0.62,0,2,4.72,-0.02,1,0,76,24.1,71.1,6,1,0
EMP-0464,22,12,2.41,3.68,0.42,3,4,3.91,0.68,1,1,69,16.7,88.9,5,3,0
EMP-0465,77,24,3.29,3.64,0.06,8,1,3.03,0.5,1,0,34,5.8,78.4,7,7,1
EMP-0466,41,33,2.37,2.19,0.02,12,10,2.14,-0.86,3,1,13,43.3,3.2,0,0,0
EMP-0467,23,40,-0.21,2.79,-0.15,14,11,2.21,-0.56,3,1,6,42.2,23.5,1,0,1
EMP-0468,54,16,13.93,4.86,0.4,1,3,4.11,0.97,1,0,30,7.6,50.1,6,5,0
EMP-0469,113,15,10.96,4.82,0.09,2,0,4.34,0.13,1,0,51,6.1,67.5,5,0,0
EMP-0470,66,8,11.22,3.53,0.22,5,0,4.45,0.93,0,1,66,1.3,91.2,7,1,0
EMP-0471,54,6,6.58,4.58,0.12,9,0,4.04,0.0,1,1,43,23.6,98.6,2,2,0
EMP-0472,32,17,3.65,4.87,0.29,2,3,4.46,0.39,1,0,82,20.9,91.9,8,3,0
EMP-0473,94,22,3.5,4.38,0.47,4,4,4.08,-0.2,1,1,34,16.0,82.0,7,6,1
EMP-0474,59,25,8.93,4.21,0.78,7,4,3.24,0.68,1,1,33,12.2,77.5,4,2,1
EMP-0475,63,11,4.25,4.59,0.31,6,0,4.49,0.64,0,1,40,3.9,58.1,3,6,0
EMP-0476,13,4,5.31,4.23,0.21,2,2,3.11,-0.12,0,1,62,4.0,93.1,7,2,0
EMP-0477,12,35,9.43,4.0,0.52,0,3,3.78,0.01,1,1,89,7.4,48.1,3,7,0
EMP-0478,101,23,4.59,5.0,-0.2,5,0,4.84,-0.18,0,1,90,10.1,95.2,7,1,0
EMP-0479,35,52,2.63,2.73,-0.31,15,13,2.83,-0.38,4,1,0,52.1,6.1,0,0,1
EMP-0480,47,25,3.97,4.7,0.51,6,3,3.09,-0.07,1,1,44,14.5,94.7,4,3,0
EMP-0481,95,19,4.07,4.03,0.22,6,4,3.43,-0.01,0,1,28,18.9,76.4,9,4,0
EMP-0482,106,24,11.36,3.63,0.26,6,2,3.04,0.22,0,0,47,16.6,90.2,2,7,0
EMP-0483,10,42,2.26,2.23,0.08,18,5,1.58,-0.22,4,1,1,57.1,2.6,0,1,1
EMP-0484,98,31,-0.72,2.55,0.01,19,11,2.71,-0.54,2,3,19,28.3,22.8,0,0,0
EMP-0485,8,33,5.94,4.62,0.76,4,3,4.4,0.08,1,0,65,18.1,58.7,4,7,0
EMP-0486,8,58,1.89,2.57,-0.23,15,5,2.29,-0.27,2,1,14,39.4,29.1,0,0,1
EMP-0487,33,28,9.31,3.97,-0.12,5,2,4.02,0.41,0,0,65,11.1,80.1,2,2,0
EMP-0488,11,11,13.33,3.86,0.78,5,3,4.02,0.02,0,1,20,4.7,67.6,7,3,0
EMP-0489,35,36,1.36,2.95,-0.02,23,10,1.91,-0.12,2,2,6,40.7,1.5,0,0,0
EMP-0490,106,25,9.03,4.19,0.75,6,3,4.7,0.88,1,0,50,11.4,74.9,4,6,0
EMP-0491,95,38,-1.7,3.37,-0.13,15,14,2.29,-0.35,2,3,4,58.7,35.6,0,0,0
EMP-0492,28,48,1.23,3.34,-0.06,10,10,1.92,-0.49,3,1,19,50.0,27.7,1,1,1
EMP-0493,112,26,6.28,4.16,0.66,0,2,4.59,0.46,1,0,99,22.2,59.7,7,5,0
EMP-0494,53,28,14.23,3.57,0.15,6,0,3.25,0.1,1,1,37,19.9,56.2,5,2,0
EMP-0495,116,34,6.37,4.38,-0.1,4,1,3.77,0.72,1,1,50,23.5,92.9,5,4,0
EMP-0496,92,5,9.31,4.33,-0.09,5,2,4.31,-0.04,0,1,53,24.2,69.1,8,2,1
EMP-0497,54,33,2.64,3.64,-0.17,6,0,4.44,-0.0,1,1,63,17.3,93.0,4,1,0
EMP-0498,99,19,11.13,4.78,0.16,0,3,4.45,-0.01,0,1,89,24.2,82.8,3,3,1
EMP-0499,101,16,3.52,4.29,-0.07,2,2,3.96,0.51,0,0,25,2.8,56.1,5,7,0
EMP-0500,43,11,2.86,4.56,0.04,0,3,3.89,0.86,0,0,26,5.5,86.8,7,6,0
EMP-0501,97,30,0.37,2.01,-0.45,11,7,2.34,-0.75,4,2,4,22.1,31.3,1,1,1
EMP-0502,71,10,8.61,3.85,0.65,1,0,3.31,-0.01,0,0,85,24.0,80.6,6,0,0
EMP-0503,21,18,3.04,4.04,0.66,8,2,4.85,-0.29,0,0,89,12.5,43.7,3,2,0
EMP-0504,68,29,2.02,3.45,-0.34,14,12,1.63,-0.5,4,2,17,49.7,30.0,0,0,1
EMP-0505,101,19,5.83,3.89,-0.17,0,4,3.57,0.85,0,1,44,10.1,80.6,5,3,0
EMP-0506,6,20,9.28,4.08,0.22,6,3,3.9,-0.08,0,0,65,17.7,95.2,5,4,0
EMP-0507,92,7,9.4,4.82,0.74,5,3,4.0,0.27,0,0,32,1.2,51.5,4,0,1
EMP-0508,78,23,11.04,4.42,0.28,2,3,3.5,0.9,0,1,68,13.8,96.7,9,2,0
EMP-0509,57,57,-1.42,2.19,-0.18,19,14,1.79,-0.92,2,1,4,21.5,4.1,1,0,1
EMP-0510,88,48,-0.14,2.75,-0.06,23,9,2.11,-0.56,3,1,13,26.9,32.3,0,1,0
EMP-0511,42,30,0.06,2.21,-0.1,16,13,1.6,-0.59,4,3,8,36.3,27.1,0,0,1
EMP-0512,43,30,11.07,3.64,0.3,3,3,4.79,0.59,1,1,90,5.0,66.3,2,7,0
EMP-0513,2,43,0.09,2.38,-0.31,17,8,1.94,-0.48,2,3,1,35.5,31.8,0,1,0
EMP-0514,68,35,1.72,2.23,-0.42,8,11,2.71,-0.78,4,3,12,44.3,20.9,1,1,0
EMP-0515,66,39,-0.69,3.31,-0.05,10,14,2.28,-0.52,3,3,9,34.1,21.7,1,1,1
EMP-0516,59,37,0.08,2.43,-0.33,17,13,2.49,-0.68,3,2,1,32.2,1.0,0,1,1
EMP-0517,91,8,7.28,4.78,0.6,3,4,3.49,-0.0,0,1,28,5.8,82.5,5,1,1
EMP-0518,43,32,-1.23,3.06,-0.35,23,8,2.39,-0.2,4,3,4,21.4,23.0,1,1,0
EMP-0519,72,56,2.29,2.71,-0.5,18,12,2.12,-0.86,2,1,12,20.2,9.5,1,1,1
EMP-0520,33,42,1.95,2.96,0.01,17,4,2.82,-0.61,4,3,2,36.3,11.5,1,1,1
EMP-0521,41,22,3.12,3.5,0.25,8,1,5.0,0.07,0,0,70,15.0,43.9,3,0,0
EMP-0522,62,28,9.28,4.28,0.41,7,1,3.57,0.36,1,1,99,4.1,65.8,9,5,0
EMP-0523,42,28,6.07,4.38,-0.06,0,4,4.01,0.11,0,1,29,19.5,96.5,7,7,0
EMP-0524,33,57,0.05,2.5,-0.43,20,4,2.53,-0.77,4,3,15,27.5,5.9,1,0,1
EMP-0525,14,10,10.16,4.05,0.34,0,0,3.85,0.13,0,1,88,2.5,43.3,4,3,1
EMP-0526,48,8,8.61,3.58,0.34,9,0,4.2,0.75,1,1,53,24.4,97.9,7,1,0
EMP-0527,2,29,4.56,3.82,0.48,4,1,3.18,0.36,1,1,65,9.1,63.4,7,2,0
EMP-0528,11,19,9.61,4.39,0.52,1,1,4.03,0.13,0,1,87,12.7,64.1,5,1,1
EMP-0529,111,16,10.97,4.4,-0.09,8,2,4.27,-0.21,1,0,38,20.4,54.0,5,6,0
EMP-0530,47,12,6.09,3.96,-0.05,2,0,3.17,0.51,1,1,91,7.1,68.7,7,7,0
EMP-0531,54,27,2.39,3.51,-0.12,3,2,4.71,-0.29,1,1,31,9.0,49.0,3,2,1
EMP-0532,41,26,0.39,3.25,-0.05,24,9,1.67,-0.9,3,2,18,54.4,25.2,0,0,1
EMP-0533,108,45,-0.85,3.2,0.01,19,8,1.59,-0.17,2,3,13,26.9,15.2,0,1,1
EMP-0534,40,29,14.15,3.57,0.01,3,3,4.23,-0.25,0,1,95,7.0,83.3,3,5,0
EMP-0535,106,12,8.65,3.74,-0.15,0,4,3.1,0.44,1,1,96,20.3,92.0,6,7,0
EMP-0536,84,14,9.36,4.64,-0.06,1,0,3.95,0.28,0,0,31,22.2,78.5,4,4,0
EMP-0537,49,32,14.6,4.9,0.67,6,0,4.7,0.24,0,1,65,14.4,78.6,2,5,1
EMP-0538,44,10,4.18,4.07,0.15,7,0,4.34,0.36,0,1,44,20.9,90.6,8,4,0
EMP-0539,55,24,12.46,4.05,0.65,0,2,3.17,0.91,1,0,86,17.6,89.3,2,2,0
EMP-0540,57,26,7.1,4.05,0.49,7,4,3.69,0.79,0,1,49,5.2,55.0,3,0,0
EMP-0541,39,25,4.49,4.26,0.67,8,4,3.16,0.16,1,0,57,18.5,58.6,4,0,0
EMP-0542,13,14,2.52,4.98,0.18,3,2,4.33,0.07,1,1,94,20.9,55.9,5,7,0
EMP-0543,101,19,5.46,4.39,0.31,8,1,4.87,0.2,1,1,68,19.9,48.1,4,7,1
EMP-0544,69,4,5.93,4.2,0.07,1,0,3.91,0.42,1,1,35,0.4,57.0,9,5,0
EMP-0545,93,23,7.85,4.01,0.19,1,2,4.85,0.38,1,1,42,15.6,44.5,3,4,0
EMP-0546,65,3,9.46,4.46,0.36,0,3,3.87,0.33,1,0,43,14.8,71.4,7,6,1
EMP-0547,10,26,3.18,4.88,0.49,0,3,3.62,0.12,0,1,66,5.9,93.4,9,3,1
EMP-0548,53,37,2.8,2.92,-0.34,14,13,2.5,-0.52,2,3,4,56.7,16.3,0,0,0
EMP-0549,52,11,12.46,3.6,0.49,6,4,3.24,0.39,1,0,77,2.1,85.9,7,0,0
EMP-0550,57,17,5.67,4.19,0.47,6,1,4.84,-0.04,0,0,28,3.2,96.7,2,4,0
EMP-0551,64,30,5.44,4.9,0.52,7,4,3.15,0.1,0,0,47,24.1,93.4,9,6,1
EMP-0552,78,18,8.74,4.19,0.11,4,3,4.46,0.23,1,0,70,17.8,43.1,9,2,0
EMP-0553,70,13,5.41,3.86,0.28,2,2,4.62,0.16,1,1,64,24.8,86.2,5,3,0
EMP-0554,106,28,5.04,4.11,0.58,3,1,3.96,0.31,1,0,68,6.4,94.9,4,0,0
EMP-0555,18,0,4.29,4.72,0.34,8,4,4.53,0.91,1,0,75,15.9,92.5,7,5,0
EMP-0556,49,18,4.39,3.88,0.21,3,1,4.89,0.87,0,1,59,21.4,86.9,4,2,0
EMP-0557,69,16,14.19,4.87,0.75,9,3,4.94,0.82,1,0,65,8.6,73.7,2,4,0
EMP-0558,103,33,0.72,2.51,-0.22,10,9,2.8,-0.4,4,2,13,56.2,4.8,1,1,0
EMP-0559,27,29,10.69,4.79,-0.04,7,3,4.71,0.89,1,1,30,8.0,73.1,5,7,0
EMP-0560,111,25,11.36,4.17,0.06,5,0,4.34,-0.3,1,0,56,4.8,63.2,7,7,0
EMP-0561,47,4,3.64,3.68,-0.05,9,1,4.75,0.09,1,0,20,24.8,79.5,2,1,0
EMP-0562,77,27,10.09,3.81,0.3,0,0,4.9,0.8,0,1,25,2.7,69.6,9,1,0
EMP-0563,106,2,4.06,4.23,0.16,1,0,3.26,0.26,1,0,36,16.7,44.3,3,2,1
EMP-0564,43,3,7.23,3.73,0.24,0,2,3.73,-0.21,0,1,99,16.4,66.6,9,0,0
EMP-0565,86,35,0.66,2.72,-0.08,17,13,1.85,-0.91,4,1,12,22.2,3.2,0,1,1
EMP-0566,80,6,13.99,3.79,0.76,3,3,4.66,0.15,0,0,94,6.7,67.3,7,4,0
EMP-0567,43,26,6.28,3.56,0.3,4,1,3.15,0.58,0,0,45,4.9,92.5,9,3,1
EMP-0568,65,35,7.07,3.79,0.53,4,4,4.71,0.37,1,1,21,13.0,57.9,7,1,0
EMP-0569,77,16,3.02,4.29,0.2,2,0,4.37,0.35,1,1,80,14.0,81.2,4,6,1
EMP-0570,33,13,14.69,3.93,0.22,4,2,4.63,-0.13,1,1,68,7.5,77.6,5,6,1
EMP-0571,54,4,9.61,4.27,0.3,7,0,4.19,0.25,0,0,95,12.9,58.3,5,1,0
EMP-0572,43,2,4.36,3.63,0.51,7,4,3.38,0.55,1,0,72,9.2,46.0,4,1,0
EMP-0573,47,22,5.72,4.19,-0.01,0,2,4.04,0.82,0,0,80,22.8,86.5,2,5,0
EMP-0574,114,26,14.42,4.66,0.64,8,3,4.3,-0.15,0,1,60,11.5,80.6,4,0,0
EMP-0575,29,26,0.02,2.34,-0.35,24,9,2.05,-0.18,3,1,12,54.7,33.4,0,1,1
EMP-0576,39,56,-0.54,2.5,-0.31,23,4,2.25,-0.4,3,1,12,37.9,13.7,1,0,1
EMP-0577,28,18,8.45,4.11,0.48,0,4,4.92,0.85,0,1,82,9.9,60.2,7,3,0
EMP-0578,18,31,3.02,3.61,0.65,7,3,4.01,0.96,0,0,57,13.9,96.8,5,6,0
EMP-0579,54,25,9.3,3.78,0.02,6,1,4.22,0.77,1,1,31,18.7,87.0,5,2,0
EMP-0580,90,8,10.55,4.94,0.73,2,1,4.17,0.41,0,1,90,6.8,63.0,2,6,1
EMP-0581,22,10,7.93,4.24,-0.16,3,1,4.66,0.08,0,1,38,14.8,99.4,3,4,0
EMP-0582,70,16,12.13,3.88,0.63,2,2,4.15,0.35,1,1,56,11.2,51.3,6,3,0
EMP-0583,86,25,12.68,3.54,0.43,6,0,3.59,0.21,0,1,91,1.4,89.2,7,1,1
EMP-0584,19,19,10.09,4.56,0.1,3,2,4.87,0.33,0,1,38,9.9,40.1,2,2,0
EMP-0585,17,31,-0.89,3.24,-0.13,19,9,2.92,-0.96,3,1,17,55.5,32.4,1,0,1
EMP-0586,25,28,-0.48,2.26,-0.03,8,5,2.76,-0.24,4,3,5,52.2,24.1,0,0,1
EMP-0587,112,48,2.2,2.71,-0.48,23,4,2.89,-0.13,2,1,11,26.3,27.6,0,1,1
EMP-0588,50,32,0.2,3.35,-0.05,11,4,2.29,-0.2,2,2,2,21.8,13.1,0,0,0
EMP-0589,23,50,-1.88,2.68,-0.3,9,10,1.89,-0.85,2,3,3,39.3,27.4,1,1,1
EMP-0590,50,21,9.4,4.72,0.61,3,4,4.34,0.32,0,1,26,18.2,90.5,6,0,0
EMP-0591,30,8,10.73,3.55,0.53,9,4,3.68,0.7,0,0,91,13.2,71.1,3,1,0
EMP-0592,31,56,2.82,2.11,-0.47,10,6,2.29,-0.45,4,1,6,30.9,6.8,1,1,0
EMP-0593,40,24,0.85,3.11,-0.42,10,7,2.37,-0.89,4,3,12,47.6,13.8,1,0,1
EMP-0594,33,4,11.76,4.47,0.16,3,3,3.68,-0.29,1,0,28,0.8,62.0,5,5,0
EMP-0595,54,9,2.94,4.93,0.02,9,1,3.85,0.98,1,1,38,4.4,46.6,9,4,0
EMP-0596,66,10,11.2,4.19,0.61,5,3,4.92,0.2,1,1,89,14.1,71.0,4,3,0
EMP-0597,72,37,-1.19,3.01,-0.42,16,5,1.76,-0.33,3,2,0,25.1,17.8,1,0,1
EMP-0598,92,32,9.35,4.5,0.76,1,1,3.39,0.5,1,0,62,17.8,79.6,2,1,0
EMP-0599,32,21,6.91,3.65,0.52,5,4,4.72,0.09,0,1,54,0.6,60.5,8,5,0
EMP-0600,35,12,14.12,4.45,0.09,7,2,4.7,0.35,0,0,38,6.6,97.3,3,2,1
EMP-0601,91,34,3.91,4.78,0.48,6,0,3.08,-0.14,0,1,96,8.0,62.9,8,3,0
EMP-0602,92,29,8.58,4.77,0.04,6,0,4.23,0.33,0,1,50,12.9,55.2,2,6,0
EMP-0603,61,31,14.39,4.31,0.52,5,4,4.71,0.91,0,0,63,14.0,45.7,9,3,0
EMP-0604,114,30,4.68,4.81,-0.04,0,2,4.21,0.6,0,1,97,10.3,54.2,6,2,0
EMP-0605,43,25,1.4,3.26,-0.36,23,5,1.68,-0.99,3,2,8,30.0,33.5,0,0,1
EMP-0606,37,25,0.85,2.61,-0.1,18,14,2.11,-0.74,3,1,11,36.1,15.0,1,1,1
EMP-0607,114,17,14.8,3.95,0.4,6,0,3.66,0.49,0,1,71,5.6,63.3,7,5,0
EMP-0608,26,10,3.22,4.27,0.36,5,2,3.42,0.21,0,0,81,3.8,70.2,8,2,0
EMP-0609,116,34,13.03,4.56,0.29,4,3,3.82,0.12,0,0,96,12.0,42.7,6,7,0
EMP-0610,80,48,2.06,2.13,-0.02,13,14,2.31,-0.96,2,1,8,47.2,4.9,0,0,1
EMP-0611,116,32,7.67,4.96,-0.16,6,2,3.63,0.52,1,0,59,4.2,89.3,6,6,0
EMP-0612,109,14,5.41,3.68,0.31,5,1,4.3,-0.03,0,0,75,3.5,77.5,7,1,0
EMP-0613,55,18,5.63,4.93,-0.14,7,2,4.65,0.89,0,1,90,3.8,42.3,8,3,0
EMP-0614,93,23,3.68,4.2,0.4,4,4,4.38,0.49,0,1,56,24.6,78.2,7,2,0
EMP-0615,43,6,4.0,4.88,0.56,9,4,4.42,-0.04,0,0,46,5.5,66.3,3,4,0
EMP-0616,63,28,7.89,4.69,0.64,8,4,3.55,0.11,0,1,22,5.2,67.3,2,1,0
EMP-0617,84,24,11.36,4.53,-0.1,9,0,3.81,-0.22,1,0,21,17.3,42.4,2,5,0
EMP-0618,4,12,7.18,4.28,0.2,7,1,4.61,0.05,1,0,93,6.2,60.2,3,4,0
EMP-0619,105,57,2.13,2.34,-0.19,13,14,2.03,-0.42,3,1,13,51.1,10.8,1,1,1
EMP-0620,27,11,2.69,4.19,0.74,9,2,3.9,-0.17,0,0,54,11.8,82.7,7,0,0
EMP-0621,83,48,1.53,3.37,-0.11,8,6,2.0,-0.79,2,2,6,45.3,10.3,1,0,1
EMP-0622,21,1,8.25,4.0,0.25,9,1,3.26,0.63,1,0,82,20.8,55.0,3,3,0
EMP-0623,79,33,-0.15,2.73,-0.31,24,12,2.61,-0.2,4,1,5,22.1,35.4,1,0,0
EMP-0624,80,52,2.88,2.8,0.04,17,4,1.87,-0.27,3,1,7,58.2,36.4,1,0,0
EMP-0625,57,35,11.65,4.66,0.3,5,2,3.04,0.33,1,0,85,18.3,54.5,9,5,0
EMP-0626,25,17,14.86,4.52,0.78,3,0,3.68,-0.16,0,1,80,0.8,71.2,5,1,0
EMP-0627,102,4,8.18,4.69,-0.07,3,4,4.93,0.4,1,1,80,16.1,62.4,2,4,0
EMP-0628,70,24,5.14,4.51,-0.0,7,2,3.36,0.63,1,1,62,16.9,74.3,4,1,0
EMP-0629,89,30,11.39,4.91,-0.11,5,2,3.22,0.98,0,1,47,20.1,69.2,8,6,0
EMP-0630,57,5,14.77,3.8,-0.07,7,0,4.74,0.08,0,0,29,7.2,49.0,8,0,0
EMP-0631,61,33,-1.9,2.2,-0.08,24,9,1.98,-0.39,2,3,5,20.1,37.2,0,0,1
EMP-0632,74,49,-0.72,2.19,-0.46,9,10,1.74,-0.84,2,1,11,35.2,20.3,1,0,0
EMP-0633,111,11,11.45,4.89,0.6,1,4,4.8,0.15,0,0,78,3.1,75.4,7,3,0
EMP-0634,79,23,7.87,4.7,0.39,4,2,4.82,-0.17,1,1,75,0.6,64.7,7,6,0
EMP-0635,69,26,-0.92,2.89,0.05,11,4,2.99,-0.91,2,3,7,51.7,3.4,0,0,1
EMP-0636,58,11,2.29,4.73,-0.19,6,3,3.73,0.49,0,1,73,20.4,69.7,6,1,0
EMP-0637,93,32,1.25,2.25,-0.48,24,12,2.41,-0.84,2,3,15,48.9,32.4,0,0,1
EMP-0638,76,36,2.49,2.67,-0.24,11,11,1.78,-0.31,3,3,7,47.9,8.3,0,0,1
EMP-0639,106,8,8.68,3.86,-0.08,0,3,4.53,0.99,1,0,86,15.4,99.2,3,4,0
EMP-0640,58,17,14.3,4.89,0.18,8,2,3.34,-0.22,1,0,43,5.2,66.5,7,4,0
EMP-0641,83,39,1.52,2.84,0.04,22,9,2.14,-0.89,3,2,3,57.6,19.5,1,0,1
EMP-0642,57,25,12.68,4.33,-0.02,6,1,4.94,0.68,0,1,91,11.7,78.8,7,7,0
EMP-0643,43,8,8.37,4.64,0.63,2,2,4.78,0.31,0,0,83,21.1,61.7,9,5,0
EMP-0644,37,20,11.15,4.48,0.77,0,2,3.31,0.27,1,0,98,13.5,68.1,3,1,0
EMP-0645,11,26,8.5,3.74,0.14,7,2,3.13,0.78,0,1,41,24.4,60.0,2,3,0
EMP-0646,51,30,1.83,3.45,-0.05,16,14,2.37,-0.68,2,3,4,40.0,37.3,0,0,1
EMP-0647,90,13,7.91,3.81,-0.2,4,1,4.02,0.19,0,1,63,8.8,67.1,5,1,0
EMP-0648,52,7,9.42,4.64,-0.05,4,3,3.51,-0.0,0,1,77,7.7,47.0,6,4,0
EMP-0649,32,15,3.69,3.8,0.39,7,0,4.72,0.95,1,0,22,8.3,83.7,5,6,0
EMP-0650,79,26,4.69,4.48,0.22,0,0,4.57,0.58,1,0,74,23.0,94.7,8,0,0
EMP-0651,58,34,12.96,3.81,0.54,7,0,4.07,0.53,0,1,72,10.9,71.2,9,2,0
EMP-0652,6,32,2.29,3.58,-0.15,7,2,4.41,-0.19,0,1,66,9.8,69.4,5,0,0
EMP-0653,24,14,6.11,3.55,-0.06,7,4,3.04,0.91,1,1,80,3.4,68.1,6,5,0
EMP-0654,27,0,14.71,4.99,0.36,6,0,3.63,0.25,0,0,73,23.2,79.9,4,2,0
EMP-0655,6,28,3.51,4.04,0.77,0,4,4.77,0.29,0,1,58,8.0,55.1,2,4,0
EMP-0656,82,58,0.29,3.27,-0.23,12,9,1.66,-0.56,2,3,3,35.7,24.9,0,0,1
EMP-0657,15,34,9.24,4.68,0.34,3,4,3.94,0.84,1,1,88,3.2,91.6,9,6,0
EMP-0658,36,39,2.02,2.56,-0.27,19,14,2.47,-0.63,3,2,11,42.5,14.3,1,0,1
EMP-0659,87,52,1.32,2.63,0.08,18,14,2.31,-0.17,2,1,10,28.1,38.1,0,1,0
EMP-0660,94,27,-1.01,2.42,0.1,13,14,1.99,-0.41,2,2,17,50.7,35.4,1,0,0
EMP-0661,49,16,8.11,4.81,0.56,4,2,4.69,-0.29,1,1,50,16.4,40.5,4,4,0
EMP-0662,65,32,-0.17,2.6,-0.5,17,11,2.18,-0.63,4,3,8,39.5,6.2,0,0,1
EMP-0663,87,0,9.43,4.85,0.19,5,3,4.52,0.36,1,0,20,21.1,74.9,4,2,1
EMP-0664,18,33,12.4,4.02,0.06,7,2,3.93,0.01,0,0,57,10.2,57.4,4,7,0
EMP-0665,67,18,7.94,4.41,0.4,7,4,3.84,0.41,0,0,56,23.2,75.3,3,3,0
EMP-0666,21,10,11.98,4.94,0.3,1,1,3.88,0.32,1,0,35,23.8,69.1,4,5,0
EMP-0667,19,7,14.49,3.52,-0.03,6,1,4.62,0.93,1,0,23,13.6,42.1,8,7,0
EMP-0668,31,9,9.72,3.72,0.2,6,3,5.0,0.98,1,0,36,8.4,75.1,5,5,0
EMP-0669,86,33,8.81,3.54,0.59,1,2,3.59,-0.29,1,0,90,14.7,68.3,4,0,0
EMP-0670,92,9,10.16,4.68,0.45,4,4,4.49,0.35,1,0,59,15.9,70.4,3,1,0
EMP-0671,48,34,13.56,4.77,0.33,4,0,4.65,0.59,1,0,49,21.6,83.5,2,0,0
EMP-0672,116,23,6.63,3.93,-0.02,7,1,3.5,0.29,1,0,90,12.0,66.9,4,7,0
EMP-0673,13,20,5.74,3.74,0.08,1,4,4.03,0.36,1,1,86,12.0,95.9,4,1,0
EMP-0674,44,16,4.26,4.94,0.65,3,0,3.84,0.66,1,0,49,13.1,93.9,3,2,0
EMP-0675,22,20,12.3,3.69,0.2,0,4,4.69,0.34,1,1,83,23.7,47.6,3,4,0
EMP-0676,73,13,6.41,3.71,0.66,9,4,4.32,0.44,1,0,54,4.6,46.8,3,4,0
EMP-0677,16,16,8.62,4.44,0.16,3,1,4.0,0.33,1,0,63,6.5,68.8,3,5,0
EMP-0678,110,7,12.94,4.12,0.57,7,1,3.25,-0.04,1,0,46,0.9,77.2,2,3,1
EMP-0679,20,59,-0.43,2.69,-0.36,13,11,1.61,-0.21,3,3,12,41.4,33.7,0,1,1
EMP-0680,51,11,10.52,3.51,0.58,6,4,4.17,0.9,0,0,32,21.3,54.5,2,1,0
EMP-0681,100,41,-1.07,2.77,0.1,17,8,2.29,-0.55,2,1,11,37.6,39.8,0,0,0
EMP-0682,63,27,3.36,4.18,0.04,9,3,3.03,0.6,0,1,22,11.3,81.5,3,2,0
EMP-0683,77,11,10.73,3.51,0.72,9,4,4.63,0.91,0,0,81,13.7,61.4,9,5,0
EMP-0684,6,24,6.04,3.65,0.07,1,2,4.96,0.34,0,1,28,12.6,43.1,2,6,1
EMP-0685,21,11,6.75,4.87,0.58,3,1,4.21,0.51,1,0,27,2.8,48.9,3,1,0
EMP-0686,55,37,2.03,2.03,-0.0,24,12,2.96,-0.46,2,3,11,41.1,1.5,0,0,1
EMP-0687,16,22,9.7,4.77,0.16,3,1,3.21,-0.03,1,1,71,2.2,93.6,9,0,1
EMP-0688,34,38,2.82,2.17,-0.31,15,10,1.82,-0.26,2,2,19,31.1,15.9,0,1,1
EMP-0689,98,30,1.87,3.31,-0.48,12,5,2.01,-0.29,4,3,8,46.2,38.2,0,0,0
EMP-0690,113,20,8.91,3.78,0.23,6,0,4.36,0.49,1,1,39,4.2,81.6,5,5,1
EMP-0691,77,6,6.84,3.89,0.56,7,1,4.11,-0.29,1,0,97,20.9,81.3,6,0,0
EMP-0692,35,0,10.35,4.52,0.36,4,4,4.58,0.19,1,1,56,1.0,55.0,2,0,0
EMP-0693,79,57,0.8,2.8,-0.26,16,14,1.68,-0.32,3,1,18,22.1,10.1,0,1,1
EMP-0694,59,5,12.57,3.56,0.46,2,2,4.74,0.33,1,0,61,21.8,70.5,9,5,0
EMP-0695,62,30,-1.37,2.06,-0.33,16,7,2.28,-0.65,3,1,12,45.4,39.4,1,1,0
EMP-0696,21,21,7.52,4.13,0.46,5,1,4.03,0.26,1,1,27,20.5,72.8,3,5,1
EMP-0697,78,38,2.75,3.29,-0.36,21,10,2.37,-0.15,4,3,5,30.1,20.2,0,0,1
EMP-0698,9,33,5.46,4.27,-0.09,2,1,4.57,0.69,0,0,32,8.4,68.2,3,2,0
EMP-0699,65,4,10.13,4.78,0.6,2,4,3.76,-0.25,0,1,29,17.6,70.8,2,3,0
EMP-0700,60,46,0.6,3.16,-0.19,10,10,2.57,-0.88,3,1,12,52.4,8.9,0,1,1
EMP-0701,119,28,12.44,3.86,-0.16,7,3,4.97,0.92,1,0,21,9.9,65.7,8,4,1
EMP-0702,32,0,13.61,4.58,0.38,9,3,3.5,0.4,1,0,65,6.7,86.6,2,2,0
EMP-0703,26,28,6.68,4.91,0.33,9,4,3.06,-0.08,1,0,81,10.2,64.6,3,6,1
EMP-0704,113,33,3.75,4.24,-0.03,9,4,3.64,0.01,1,0,89,15.9,86.2,9,0,0
EMP-0705,60,58,2.1,3.28,-0.4,8,8,1.9,-0.61,3,3,16,31.0,8.0,1,0,1
EMP-0706,51,31,-1.96,2.07,-0.39,16,9,1.77,-0.4,2,2,18,29.1,12.4,0,0,1
EMP-0707,47,3,2.2,4.9,0.61,5,2,4.66,0.4,1,0,65,14.3,96.7,8,3,0
EMP-0708,14,37,2.66,2.11,-0.2,10,9,2.86,-0.15,2,3,18,20.9,13.2,1,0,1
EMP-0709,83,5,13.01,3.69,-0.11,2,3,4.06,0.05,1,0,38,12.5,71.2,9,3,1
EMP-0710,91,24,8.19,3.68,0.73,2,1,4.6,-0.1,1,0,46,17.2,60.1,6,5,1
EMP-0711,35,21,3.81,3.86,0.25,4,4,4.07,0.78,1,1,42,6.2,58.2,8,5,0
EMP-0712,115,25,5.15,3.75,0.57,5,3,3.91,0.36,0,1,98,4.5,85.9,4,2,0
EMP-0713,48,4,14.45,3.98,0.02,7,4,4.52,-0.01,1,0,75,8.4,57.4,9,0,0
EMP-0714,111,35,3.04,4.13,0.74,8,1,4.68,0.54,1,1,75,10.1,53.3,6,4,0
EMP-0715,46,41,0.87,2.67,-0.1,12,9,2.7,-0.15,2,1,7,22.6,7.2,1,1,1
EMP-0716,66,11,13.45,4.1,0.07,4,2,4.11,0.88,1,0,75,19.6,96.9,6,2,0
EMP-0717,52,17,10.01,4.25,0.79,2,2,3.15,0.97,0,0,69,8.4,88.6,8,6,0
EMP-0718,112,32,7.74,4.57,0.19,4,4,4.27,0.97,1,1,62,16.9,72.5,2,0,0
EMP-0719,3,25,5.27,4.41,0.68,8,4,3.79,0.23,0,1,74,5.0,44.7,3,0,1
EMP-0720,60,21,13.11,4.53,0.32,2,0,3.84,-0.05,1,1,69,13.3,88.3,9,1,0
EMP-0721,96,51,1.9,2.29,-0.47,20,11,2.24,-0.49,4,2,17,22.3,1.2,0,0,0
EMP-0722,9,0,9.99,3.57,0.68,2,4,3.92,0.41,0,1,76,18.2,62.7,2,5,0
EMP-0723,27,3,8.35,3.53,0.49,2,3,3.02,0.11,0,1,40,1.4,75.8,5,0,0
EMP-0724,54,43,1.77,2.17,-0.22,20,6,2.66,-0.87,3,1,6,57.0,22.0,0,1,0
EMP-0725,49,12,14.34,4.67,0.09,9,3,4.66,0.77,0,0,76,16.5,100.0,9,4,0
EMP-0726,86,43,-0.85,2.0,-0.07,21,9,1.66,-0.79,4,2,19,20.6,24.1,1,1,1
EMP-0727,114,37,-0.41,2.67,-0.12,23,14,2.03,-0.93,3,1,16,59.6,3.0,1,0,0
EMP-0728,36,0,7.81,4.19,0.06,2,4,4.82,0.37,0,1,41,18.1,47.3,2,6,0
EMP-0729,60,15,10.39,4.09,-0.12,1,4,4.38,0.57,1,1,92,20.1,94.0,8,6,0
EMP-0730,81,6,7.62,4.25,0.44,3,4,3.34,0.78,1,0,68,12.4,65.7,8,5,0
EMP-0731,21,17,14.36,4.97,0.35,5,1,3.08,0.46,1,0,62,13.3,44.6,8,0,0
EMP-0732,81,10,5.16,4.46,0.08,5,3,3.64,0.49,0,1,72,9.1,67.9,5,3,0
EMP-0733,2,57,-1.61,3.4,-0.28,10,14,2.13,-0.6,2,2,8,21.4,23.7,0,1,1
EMP-0734,96,6,6.52,4.2,0.13,4,1,3.94,0.94,0,0,86,8.4,58.6,7,1,0
EMP-0735,5,28,10.35,3.91,0.31,1,4,4.76,0.79,0,0,31,13.4,62.7,5,1,0
EMP-0736,33,25,13.58,4.24,0.62,1,0,3.2,-0.22,0,1,35,8.8,82.8,8,0,0
EMP-0737,30,9,4.04,4.93,0.21,2,0,3.03,-0.1,1,1,79,4.5,64.4,7,7,0
EMP-0738,40,9,7.8,3.84,0.53,5,4,3.31,0.89,0,1,29,6.0,63.9,2,3,0
EMP-0739,39,23,4.22,3.57,0.45,4,1,3.05,0.02,0,1,27,17.5,54.8,5,6,1
EMP-0740,107,26,14.77,4.79,0.49,5,1,4.44,-0.05,0,1,66,11.8,95.1,6,2,0
EMP-0741,32,34,12.44,4.14,0.03,3,4,4.91,0.8,1,0,85,16.6,57.2,4,4,0
EMP-0742,3,36,1.02,3.2,-0.02,24,11,1.98,-0.88,3,2,2,41.2,23.6,0,0,1
EMP-0743,23,32,4.1,3.87,0.02,4,1,3.75,0.87,0,1,86,20.4,73.6,3,3,0
EMP-0744,3,23,5.97,4.62,-0.15,0,3,3.79,0.45,1,0,96,16.2,65.5,5,7,0
EMP-0745,2,29,9.63,4.21,0.13,0,3,3.63,0.77,0,0,97,6.4,40.6,9,0,1
EMP-0746,35,13,10.58,3.98,0.57,9,2,4.8,0.38,0,0,20,20.2,86.8,6,3,0
EMP-0747,52,10,13.85,4.25,0.77,0,1,4.0,-0.12,1,0,36,6.4,53.6,6,1,0
EMP-0748,101,5,4.8,3.91,-0.03,9,1,4.56,0.04,0,1,76,14.4,47.9,5,3,0
EMP-0749,75,26,2.21,2.47,0.0,23,10,2.27,-0.44,4,2,7,37.0,18.3,0,0,1
EMP-0750,117,15,10.57,4.02,0.47,8,3,3.69,-0.16,0,1,63,14.4,99.1,4,1,0
EMP-0751,62,0,2.91,4.46,0.74,6,0,4.94,0.93,1,0,30,20.5,42.7,6,3,0
EMP-0752,39,58,0.38,3.23,-0.34,14,5,2.31,-0.1,2,3,3,34.6,15.7,1,1,1
EMP-0753,109,27,3.24,4.49,0.45,7,0,3.04,0.03,0,1,85,1.0,69.3,5,5,1
EMP-0754,60,24,2.67,2.49,-0.42,8,12,1.8,-0.88,3,1,3,37.2,12.2,0,1,0
EMP-0755,13,3,2.2,3.89,0.46,1,2,3.59,0.84,0,1,44,11.5,61.9,5,6,0
EMP-0756,96,28,11.77,4.52,-0.0,2,4,4.58,0.32,1,0,35,9.1,40.7,8,6,0
EMP-0757,28,0,9.85,4.87,-0.15,0,0,4.46,0.75,0,0,77,10.2,89.4,8,3,0
EMP-0758,60,0,12.6,3.63,0.42,8,1,3.09,0.88,1,0,31,14.3,91.8,7,4,0
EMP-0759,14,1,9.29,4.0,-0.05,4,0,4.04,0.91,1,1,56,10.7,51.8,6,4,0
EMP-0760,40,27,4.67,4.57,0.38,5,1,3.52,0.35,1,1,94,18.0,73.3,2,7,0
EMP-0761,34,45,2.68,2.08,-0.1,14,10,1.82,-0.82,3,3,17,49.2,4.0,1,0,1
EMP-0762,9,25,12.8,3.56,-0.18,2,3,4.12,0.89,1,0,76,0.0,50.1,5,7,0
EMP-0763,56,22,13.81,3.65,0.41,8,1,4.88,-0.14,0,1,34,10.8,56.7,6,0,0
EMP-0764,40,56,1.07,2.8,-0.44,9,4,2.75,-0.2,2,1,6,29.1,0.1,0,0,1
EMP-0765,79,25,8.15,4.52,0.67,0,3,3.11,-0.28,1,0,39,6.3,59.9,7,1,0
EMP-0766,28,25,0.85,3.39,-0.18,17,11,2.02,-0.33,2,3,4,51.7,39.1,1,0,0
EMP-0767,27,5,13.15,3.5,0.16,4,4,4.2,-0.07,1,0,94,14.2,89.9,8,6,1
EMP-0768,105,6,4.42,4.23,0.63,6,2,3.71,0.48,1,1,58,23.8,76.5,4,7,0
EMP-0769,47,34,6.23,4.21,0.62,0,0,3.29,0.62,0,0,80,5.4,62.4,5,1,0
EMP-0770,37,37,1.76,3.4,-0.31,13,4,2.05,-0.95,2,3,3,43.9,19.6,1,0,1
EMP-0771,31,10,7.42,4.34,0.23,9,1,4.5,0.92,1,1,53,0.9,82.1,6,6,0
EMP-0772,76,26,4.63,3.91,0.3,1,4,4.87,0.95,0,0,88,7.3,73.8,9,5,1
EMP-0773,61,16,3.83,3.84,0.36,7,2,4.24,0.0,0,0,70,24.6,88.6,5,2,0
EMP-0774,5,19,8.82,4.22,0.25,5,1,4.83,0.4,1,1,74,14.6,53.8,8,4,0
EMP-0775,13,15,10.86,4.63,0.3,6,2,4.98,-0.05,1,1,23,24.6,56.4,5,1,0
EMP-0776,27,6,2.74,4.97,0.39,8,3,4.31,0.35,1,1,97,0.4,77.1,5,2,0
EMP-0777,62,40,1.25,2.47,-0.29,19,12,2.97,-0.13,4,2,16,32.1,10.8,1,1,1
EMP-0778,23,57,0.44,2.61,-0.37,22,7,2.31,-0.39,3,1,13,30.5,1.4,0,0,0
EMP-0779,78,25,-1.14,2.15,-0.13,15,14,2.99,-0.39,3,3,14,52.8,19.7,1,1,1
EMP-0780,102,27,7.65,3.8,-0.09,6,3,3.25,0.33,0,1,65,14.2,73.2,3,4,0
EMP-0781,54,7,14.02,4.1,0.42,1,2,4.71,0.8,0,1,58,6.0,56.8,5,7,0
EMP-0782,72,51,0.09,2.34,-0.36,24,12,2.75,-0.5,4,2,11,36.5,20.8,1,0,1
EMP-0783,49,14,6.48,4.25,0.26,1,2,3.45,0.32,1,0,70,1.6,85.8,3,2,0
EMP-0784,104,1,10.83,4.21,0.19,6,3,3.3,-0.17,1,0,32,15.8,58.1,5,1,0
EMP-0785,8,20,14.08,4.58,0.56,2,2,4.43,0.48,1,1,70,8.0,49.6,2,7,1
EMP-0786,11,15,4.17,3.54,0.43,6,0,3.66,-0.15,1,1,96,24.4,82.0,6,4,0
EMP-0787,84,32,11.17,3.94,0.08,4,4,3.52,-0.28,0,1,69,4.8,55.7,5,4,0
EMP-0788,37,7,13.19,4.21,0.6,2,4,3.67,0.78,0,0,63,6.8,70.4,4,3,0
EMP-0789,19,5,8.63,3.69,0.55,8,1,4.4,0.03,0,1,79,16.7,54.1,7,5,0
EMP-0790,110,34,-0.93,2.41,-0.32,23,4,2.57,-0.17,4,3,4,35.9,12.4,1,1,0
EMP-0791,92,26,7.62,4.97,-0.11,9,2,4.25,0.78,0,1,77,9.4,95.5,5,0,0
EMP-0792,77,56,-1.46,2.64,-0.44,21,9,1.59,-0.41,4,1,11,34.2,32.8,0,1,1
EMP-0793,17,51,-1.23,2.38,-0.06,18,11,1.92,-0.67,3,2,13,20.1,1.9,0,0,1
EMP-0794,13,25,7.43,3.95,0.71,0,4,4.42,0.39,1,1,52,4.8,73.2,2,5,0
EMP-0795,78,15,2.37,3.8,0.04,9,0,3.47,0.34,0,1,79,14.5,45.3,3,2,0
EMP-0796,111,24,5.25,4.13,0.15,5,1,4.13,-0.12,1,1,83,24.4,92.4,7,1,0
EMP-0797,72,37,0.46,2.8,-0.38,21,11,2.21,-0.71,2,2,7,24.0,25.4,1,1,1
EMP-0798,19,34,13.28,3.5,0.18,8,3,3.73,0.48,1,0,25,12.6,67.9,4,2,1
EMP-0799,47,34,4.32,4.27,0.61,1,0,4.71,0.56,1,0,62,22.3,51.6,7,4,0
EMP-0800,85,20,13.29,4.84,0.69,8,4,4.29,0.41,1,1,93,8.3,64.0,9,7,0
EMP-0801,96,32,14.6,4.41,0.2,0,1,3.79,0.76,1,1,62,15.3,49.2,8,6,0
EMP-0802,20,12,5.09,3.93,0.74,3,4,4.4,-0.19,0,1,25,4.7,66.9,5,1,0
EMP-0803,94,28,6.21,4.76,-0.1,4,3,3.31,-0.19,0,1,30,24.7,79.6,9,7,0
EMP-0804,59,25,7.93,4.02,0.49,5,2,4.71,0.96,1,1,46,6.4,76.8,7,0,0
EMP-0805,79,48,-1.99,2.9,-0.33,14,12,1.99,-0.74,3,1,5,20.8,21.0,0,0,1
EMP-0806,14,8,2.22,4.28,0.5,7,0,3.21,-0.23,1,1,66,21.0,81.0,7,2,0
EMP-0807,54,25,5.83,3.58,0.29,3,0,3.5,0.6,0,0,62,2.1,76.4,9,1,0
EMP-0808,8,11,10.16,3.98,0.05,3,0,3.47,-0.12,1,0,98,12.7,84.8,7,7,0
EMP-0809,23,3,2.34,4.61,0.12,8,4,3.91,0.37,1,0,75,6.3,88.5,2,6,0
EMP-0810,45,32,1.9,2.5,-0.31,16,9,2.61,-0.36,4,2,5,23.6,5.1,1,1,0
EMP-0811,99,2,7.79,4.57,0.67,5,4,4.15,0.81,1,1,48,14.9,65.7,2,0,0
EMP-0812,115,17,9.31,4.22,-0.1,3,0,4.53,0.88,0,0,82,15.6,69.7,4,4,0
EMP-0813,55,42,0.88,2.88,-0.05,19,10,1.66,-0.23,4,2,19,20.4,7.6,0,1,1
EMP-0814,86,8,8.82,4.32,0.19,5,1,3.69,0.3,1,1,40,6.8,67.0,5,5,0
EMP-0815,108,29,2.12,2.61,0.09,16,5,2.33,-0.52,3,1,5,29.0,35.1,1,1,1
EMP-0816,68,34,10.32,4.24,-0.18,5,3,3.37,0.58,1,1,91,4.8,52.5,7,0,0
EMP-0817,77,14,14.0,4.13,0.76,5,4,4.78,0.03,0,0,56,9.7,70.7,9,3,0
EMP-0818,36,17,4.25,4.04,0.09,7,3,4.92,0.55,1,1,83,12.2,74.7,8,7,1
EMP-0819,79,15,6.79,4.05,0.76,8,2,4.43,0.69,0,0,69,22.4,68.5,9,1,0
EMP-0820,28,21,2.96,4.84,0.65,1,2,4.36,0.92,0,1,26,12.4,76.0,5,3,0
EMP-0821,79,47,0.23,2.85,-0.22,17,4,2.82,-0.6,2,3,8,46.1,10.4,1,0,1
EMP-0822,86,46,0.31,2.38,-0.06,24,7,1.83,-0.33,4,3,19,42.7,38.0,1,0,1
EMP-0823,105,12,5.22,4.6,0.24,5,1,3.91,-0.21,1,1,79,18.1,44.1,3,2,0
EMP-0824,14,35,-1.84,3.12,-0.42,11,13,1.53,-0.96,2,3,15,34.8,33.3,1,1,0
EMP-0825,99,39,-1.42,2.83,-0.33,13,5,2.64,-0.12,3,2,13,58.0,23.1,0,1,1
EMP-0826,82,13,6.28,3.64,0.8,9,2,4.7,-0.08,0,1,84,4.4,78.0,2,7,0
EMP-0827,5,33,11.84,4.42,0.16,2,4,4.55,0.33,0,0,56,9.8,76.7,2,1,0
EMP-0828,96,7,3.03,4.48,-0.18,6,0,4.03,0.04,1,1,93,13.9,79.1,2,0,0
EMP-0829,30,25,4.37,4.63,0.14,0,4,3.82,0.62,0,0,38,6.5,78.7,6,0,1
EMP-0830,70,25,4.92,5.0,0.3,4,4,3.0,0.86,1,1,34,7.5,84.9,6,3,0
EMP-0831,42,30,6.06,4.22,0.12,8,1,4.27,0.0,0,0,93,8.6,87.2,6,7,0
EMP-0832,69,10,10.73,3.79,0.47,5,3,4.53,-0.17,1,0,89,13.1,96.8,8,6,1
EMP-0833,119,33,2.83,3.75,0.1,2,1,4.55,0.12,0,0,54,20.8,82.3,4,7,0
EMP-0834,99,30,11.1,3.8,0.23,1,3,3.11,0.94,1,0,99,16.4,70.4,2,2,0
EMP-0835,45,18,4.98,3.68,0.16,4,1,4.01,0.96,0,0,33,10.0,86.3,9,1,0
EMP-0836,104,0,12.39,4.28,0.35,5,3,3.26,0.58,1,1,66,1.3,70.1,2,5,0
EMP-0837,5,10,12.32,3.92,0.36,0,3,4.63,0.49,1,1,36,2.9,80.4,3,3,0
EMP-0838,82,17,11.8,4.29,0.17,9,1,4.24,0.46,1,1,29,18.5,54.9,6,3,0
EMP-0839,99,5,14.51,3.62,0.24,2,3,3.81,-0.03,0,1,70,1.4,57.1,3,4,0
EMP-0840,62,29,10.98,4.76,0.28,0,0,3.13,-0.02,0,0,76,20.0,80.1,3,6,1
EMP-0841,52,3,9.91,4.12,0.27,7,4,4.68,-0.0,0,0,33,20.2,57.6,7,1,0
EMP-0842,115,41,-1.7,2.12,-0.11,22,5,2.39,-0.71,2,1,17,53.4,16.8,1,0,0
EMP-0843,115,35,13.23,4.06,0.01,6,1,4.81,-0.04,1,1,51,0.1,54.6,2,2,1
EMP-0844,87,10,6.41,4.52,-0.14,2,1,3.45,1.0,1,1,47,13.7,51.2,2,2,0
EMP-0845,83,27,14.03,3.74,0.21,1,3,4.32,0.21,0,1,85,8.8,93.5,9,7,0
EMP-0846,58,27,4.53,4.09,0.75,2,0,4.34,0.66,1,1,71,7.9,82.3,5,5,0
EMP-0847,9,44,2.39,2.54,-0.32,15,11,1.56,-0.96,2,1,4,52.1,2.8,1,0,1
EMP-0848,15,35,9.75,4.75,0.56,2,4,3.51,0.43,0,0,38,7.9,43.1,8,1,1
EMP-0849,107,46,2.38,3.01,-0.29,22,10,2.81,-0.17,2,2,12,58.1,28.1,0,1,1
EMP-0850,116,2,7.98,4.35,-0.05,8,0,4.66,-0.28,0,0,58,0.4,65.1,5,5,0
EMP-0851,77,27,5.48,4.45,0.33,5,2,4.77,0.04,0,1,53,11.5,58.7,6,0,0
EMP-0852,118,14,4.19,4.65,0.55,0,4,4.6,0.98,1,1,55,10.6,55.2,3,7,0
EMP-0853,17,54,-0.74,2.41,-0.07,22,8,2.48,-0.8,2,1,5,29.0,22.1,0,1,0
EMP-0854,44,18,14.53,4.17,0.6,1,3,4.1,0.67,0,0,82,24.9,59.8,7,7,0
EMP-0855,9,22,7.72,4.21,0.57,2,3,4.54,0.6,0,0,95,1.0,59.9,4,6,0
EMP-0856,51,23,11.1,4.74,0.53,3,3,3.09,0.16,0,1,98,10.2,78.0,5,1,0
EMP-0857,114,56,0.6,2.7,0.02,10,8,2.14,-0.84,2,1,4,24.6,38.3,1,0,0
EMP-0858,21,20,13.56,4.46,0.44,9,0,4.55,0.07,0,1,81,23.5,62.9,6,1,0
EMP-0859,90,30,10.59,4.05,0.59,5,3,3.43,0.7,0,0,68,11.7,60.8,7,6,0
EMP-0860,7,20,4.11,4.61,0.23,2,4,4.89,-0.07,0,1,55,6.3,59.5,5,2,0
EMP-0861,96,9,6.28,4.3,-0.14,4,2,3.97,-0.19,0,0,74,23.6,81.6,3,1,1
EMP-0862,116,30,5.64,3.91,-0.03,2,0,4.27,0.44,1,1,43,24.8,45.4,7,1,0
EMP-0863,86,8,11.68,4.75,0.15,3,4,4.25,-0.05,0,1,94,19.6,58.1,3,3,0
EMP-0864,28,12,12.65,4.64,0.79,4,2,3.51,-0.14,1,1,73,3.5,82.6,3,6,0
EMP-0865,53,22,5.82,3.59,-0.15,1,2,3.13,0.22,1,0,25,17.4,56.3,3,4,0
EMP-0866,72,18,2.13,4.45,0.19,0,0,3.22,0.52,0,0,30,13.6,80.3,7,2,0
EMP-0867,62,4,9.65,4.02,0.47,5,2,4.93,0.15,1,1,57,13.8,83.1,6,0,1
EMP-0868,39,6,13.71,4.36,0.17,8,4,3.07,0.77,0,1,78,11.0,83.6,8,3,1
EMP-0869,27,12,4.66,4.9,0.06,9,3,4.33,0.02,0,0,54,15.1,89.0,7,1,1
EMP-0870,110,43,2.46,2.95,-0.37,14,7,2.01,-0.6,3,3,1,42.2,29.2,0,0,1
EMP-0871,64,32,-1.34,3.0,-0.37,11,7,2.32,-0.9,3,1,9,57.8,39.5,1,0,1
EMP-0872,87,31,11.58,3.95,-0.14,7,0,4.56,0.48,0,0,72,16.0,86.3,2,1,0
EMP-0873,31,33,6.08,4.16,-0.09,5,2,3.52,0.6,1,0,36,12.6,67.8,3,2,0
EMP-0874,18,30,11.66,4.88,0.65,5,3,4.6,0.34,0,0,31,3.6,50.6,7,4,1
EMP-0875,65,27,-0.63,2.9,-0.02,22,14,2.88,-0.32,3,2,9,37.2,30.3,1,0,1
EMP-0876,79,34,11.48,4.13,0.78,4,0,4.84,0.91,1,1,61,10.9,48.1,5,0,0
EMP-0877,14,34,8.07,3.84,-0.0,1,2,4.51,0.49,0,1,72,8.7,58.8,2,3,0
EMP-0878,31,54,0.03,2.02,-0.4,20,9,2.45,-0.89,3,3,19,37.9,35.3,0,1,0
EMP-0879,72,17,12.85,3.58,0.65,9,4,3.98,0.86,0,1,29,3.0,65.0,9,5,0
EMP-0880,41,0,7.41,3.96,0.73,2,1,3.58,0.05,0,1,52,23.5,71.8,3,4,0
EMP-0881,119,32,9.66,4.53,0.17,3,0,4.96,0.3,0,0,83,12.4,95.8,5,5,0
EMP-0882,37,26,3.52,3.95,0.76,0,2,4.79,0.24,0,0,69,4.4,77.3,8,0,0
EMP-0883,101,37,-1.5,2.64,-0.32,9,4,1.86,-0.93,2,1,16,47.3,10.5,1,1,1
EMP-0884,6,34,-1.71,2.32,0.1,22,13,1.77,-0.45,4,2,12,53.2,24.1,1,0,0
EMP-0885,110,34,0.71,3.33,-0.09,17,7,2.22,-0.15,4,1,17,52.0,5.5,0,1,1
EMP-0886,30,56,-1.44,2.69,-0.08,24,14,1.99,-0.54,4,2,13,58.0,19.5,0,0,0
EMP-0887,23,1,14.1,4.04,0.2,2,3,4.6,0.92,1,1,64,12.7,88.2,3,0,0
EMP-0888,82,14,14.53,3.8,-0.1,5,4,3.25,0.21,1,1,23,16.1,72.8,9,7,0
EMP-0889,55,49,0.26,2.15,-0.46,19,4,1.95,-0.45,2,3,3,41.9,38.1,1,0,1
EMP-0890,39,8,12.56,4.52,0.41,4,1,3.68,0.34,1,0,40,10.4,55.2,3,6,0
EMP-0891,118,5,12.51,3.9,-0.2,6,4,4.62,0.38,0,1,58,0.9,94.3,3,0,0
EMP-0892,29,13,8.44,4.25,-0.18,6,4,4.28,0.56,1,1,82,21.6,71.5,9,4,0
EMP-0893,53,45,-0.32,2.44,0.02,11,14,2.27,-0.88,4,2,15,25.2,12.7,0,1,1
EMP-0894,27,12,13.59,4.45,0.74,2,4,4.68,0.81,1,0,81,24.2,41.5,9,6,0
EMP-0895,64,29,7.18,4.55,0.09,0,0,3.13,-0.24,0,1,96,11.5,56.6,2,3,0
EMP-0896,28,15,9.59,3.92,-0.12,7,2,4.4,-0.27,0,1,57,19.2,90.2,2,7,0
EMP-0897,8,23,2.31,4.07,0.33,8,3,3.57,0.03,0,1,64,1.8,50.5,5,4,0
EMP-0898,50,28,14.35,5.0,0.17,4,3,4.26,0.73,0,1,45,7.6,81.7,2,2,1
EMP-0899,3,13,6.38,3.72,0.03,0,1,3.83,-0.08,0,0,22,13.4,53.1,3,1,0
EMP-0900,90,54,0.51,2.41,0.07,13,13,2.63,-0.91,3,2,4,42.8,30.9,1,1,1
EMP-0901,9,22,6.35,4.2,0.73,4,3,3.94,0.98,1,0,34,8.3,62.9,5,1,0
EMP-0902,56,46,-0.72,2.3,-0.49,21,5,2.11,-0.81,2,1,1,47.8,10.1,1,1,1
EMP-0903,26,27,8.41,4.36,0.37,4,4,4.64,0.43,0,1,30,17.8,52.5,6,4,1
EMP-0904,85,17,7.84,4.56,0.42,8,4,3.59,0.12,0,0,84,7.8,99.7,9,0,1
EMP-0905,21,21,13.6,3.59,0.69,0,3,3.07,0.26,0,0,90,23.4,92.1,7,6,0
EMP-0906,47,5,14.28,4.28,-0.13,2,0,4.27,0.03,1,0,34,23.9,70.9,9,6,0
EMP-0907,42,33,4.88,4.98,0.11,4,3,4.09,0.82,1,0,81,7.6,98.5,9,3,0
EMP-0908,108,47,1.66,3.11,-0.1,19,12,2.73,-0.99,3,3,6,43.5,18.0,1,0,0
EMP-0909,11,1,3.72,4.09,-0.02,7,4,4.99,-0.15,0,0,48,17.9,82.1,7,2,0
EMP-0910,23,7,12.61,3.83,0.14,3,3,3.18,0.26,0,1,74,20.4,57.4,3,7,1
EMP-0911,71,21,2.55,4.18,0.6,9,1,4.84,0.39,1,0,26,15.9,90.6,6,0,0
EMP-0912,104,7,10.01,4.15,0.23,8,2,4.81,0.76,1,0,82,23.4,61.9,8,7,0
EMP-0913,45,14,12.27,4.11,0.36,5,0,4.82,-0.28,1,1,32,14.6,99.3,4,3,0
EMP-0914,88,22,11.45,4.55,0.52,2,0,3.66,0.51,0,0,78,20.1,65.6,2,1,0
EMP-0915,81,3,4.21,3.5,0.52,6,0,3.49,0.09,1,1,53,15.0,61.0,4,7,0
EMP-0916,25,8,6.38,3.94,-0.13,3,2,4.38,-0.14,1,0,29,13.2,45.8,3,6,0
EMP-0917,19,18,12.14,4.22,0.23,4,2,3.41,0.9,1,1,78,21.9,99.9,5,6,0
EMP-0918,34,22,6.14,3.77,-0.1,9,0,3.65,0.81,0,1,37,17.2,73.9,9,7,0
EMP-0919,7,36,-0.06,2.28,-0.02,17,13,2.23,-0.92,4,1,19,34.8,6.9,0,0,1
EMP-0920,14,45,2.97,2.2,-0.47,10,8,2.75,-0.24,2,2,19,48.2,14.4,1,0,0
EMP-0921,69,50,-0.45,2.29,-0.17,19,11,1.89,-0.32,2,2,1,54.9,14.9,0,0,0
EMP-0922,17,1,7.82,4.88,0.27,8,3,3.28,-0.3,1,0,27,10.0,65.7,8,5,0
EMP-0923,3,4,7.35,3.53,-0.17,1,4,3.81,-0.26,1,1,83,7.7,96.3,2,3,0
EMP-0924,118,19,3.04,3.86,0.57,2,0,3.25,0.88,1,0,96,24.0,59.7,8,1,0
EMP-0925,18,32,-0.68,2.31,-0.34,20,13,2.87,-0.7,4,2,15,54.2,39.0,0,1,1
EMP-0926,3,13,11.74,4.35,0.25,2,1,4.0,0.14,0,1,34,5.4,42.9,4,3,0
EMP-0927,12,26,1.76,2.31,-0.38,14,14,2.18,-0.35,4,1,15,47.2,9.3,0,0,0
EMP-0928,40,17,8.8,4.85,0.53,6,2,3.81,-0.01,0,1,41,23.8,87.6,3,2,0
EMP-0929,73,17,10.77,4.1,0.36,6,0,4.94,-0.21,1,0,58,23.9,64.3,5,3,0
EMP-0930,88,8,10.72,3.55,0.39,0,1,3.4,0.75,1,0,52,14.2,76.7,7,4,0
EMP-0931,9,5,12.04,3.99,0.54,4,2,3.69,0.14,0,1,40,3.0,41.7,7,7,0
EMP-0932,66,38,2.24,3.14,-0.32,17,4,2.93,-0.3,4,2,6,55.8,9.5,1,1,1
EMP-0933,72,50,0.12,3.26,0.03,18,9,2.74,-0.86,4,2,2,29.1,23.2,0,0,1
EMP-0934,24,33,10.21,3.98,0.03,0,2,4.67,-0.0,1,1,64,2.6,91.1,6,1,0
EMP-0935,10,35,1.35,2.26,-0.22,12,12,1.54,-0.99,2,1,5,37.2,19.5,0,0,1
EMP-0936,103,26,4.8,3.99,0.32,1,1,4.17,0.22,0,0,33,5.8,60.6,6,7,0
EMP-0937,80,4,7.81,3.92,-0.1,6,0,4.33,0.59,0,1,74,12.1,46.3,5,4,0
EMP-0938,86,26,1.57,3.05,-0.13,16,10,2.86,-0.83,3,1,16,58.6,34.1,1,1,1
EMP-0939,37,30,8.23,4.89,0.77,7,0,3.35,0.56,0,1,28,14.5,61.1,5,0,1
EMP-0940,31,30,0.55,3.49,0.09,16,13,2.16,-0.56,4,2,0,42.0,13.2,0,0,1
EMP-0941,70,17,3.3,4.0,0.18,7,3,3.16,0.42,1,0,31,5.7,50.5,6,5,0
EMP-0942,89,28,2.43,4.41,0.42,0,1,4.98,-0.17,1,1,33,16.9,48.0,6,6,0
EMP-0943,56,5,3.07,4.43,-0.19,8,2,4.56,0.71,0,1,52,14.9,58.9,7,3,1
EMP-0944,87,24,14.76,4.12,0.56,6,3,4.55,0.18,0,1,37,19.8,78.9,7,5,0
EMP-0945,26,25,12.89,4.94,-0.16,5,0,4.63,0.5,1,0,70,5.4,83.7,5,5,0
EMP-0946,92,27,0.99,3.17,-0.3,21,6,2.83,-0.64,2,1,9,28.4,39.3,0,0,1
EMP-0947,91,17,7.6,4.93,0.01,5,3,3.55,0.36,0,1,87,16.7,41.0,7,1,0
EMP-0948,7,21,13.14,4.06,0.26,4,2,3.8,0.3,0,0,44,24.2,93.1,7,7,0
EMP-0949,87,31,2.89,3.91,0.38,6,1,4.31,-0.24,0,1,66,22.1,97.4,8,2,0
EMP-0950,92,0,4.45,4.25,0.59,8,4,4.69,0.93,0,0,52,3.9,87.4,2,3,0
EMP-0951,73,34,2.27,2.38,-0.3,14,7,2.09,-0.57,3,1,7,51.3,17.3,1,1,0
EMP-0952,20,8,9.91,3.73,0.63,8,0,3.56,0.79,0,0,54,9.3,57.1,9,0,1
EMP-0953,95,25,2.83,4.57,0.33,6,1,4.15,0.35,1,1,75,5.1,85.3,5,3,0
EMP-0954,20,31,0.71,3.44,-0.43,17,12,2.74,-0.68,4,1,4,41.4,9.2,0,0,1
EMP-0955,35,24,-0.48,2.81,-0.39,17,8,2.53,-0.89,4,3,11,28.6,38.9,1,0,1
EMP-0956,51,33,9.45,4.67,0.17,8,4,3.87,-0.1,0,1,78,14.3,66.5,5,0,0
EMP-0957,87,34,1.26,2.28,-0.46,17,12,1.88,-0.14,4,2,5,30.6,5.2,1,0,1
EMP-0958,13,16,10.01,3.73,0.38,4,1,3.92,0.73,1,1,80,19.8,73.6,5,5,1
EMP-0959,97,38,1.65,3.31,0.08,12,14,2.99,-0.3,3,3,5,43.8,13.9,0,1,1
EMP-0960,76,43,0.27,2.32,-0.38,16,6,2.32,-0.64,4,3,7,23.5,33.2,1,1,1
EMP-0961,80,1,2.84,4.61,0.01,6,1,3.13,-0.01,0,1,75,5.2,60.2,7,7,0
EMP-0962,55,19,14.9,4.48,0.34,6,3,3.37,0.55,1,1,74,5.6,68.1,7,4,0
EMP-0963,51,47,-0.13,2.41,-0.32,14,14,2.15,-0.58,3,1,3,55.6,13.7,1,0,1
EMP-0964,5,35,2.21,4.39,-0.19,4,0,3.38,0.55,1,0,99,10.1,63.8,6,4,0
EMP-0965,104,14,2.64,4.83,0.47,5,3,3.44,0.03,0,0,88,17.0,78.6,5,6,0
EMP-0966,72,8,8.83,3.67,0.79,9,1,4.37,0.53,0,0,53,9.6,64.7,2,2,0
EMP-0967,67,51,1.33,3.35,-0.33,24,9,1.7,-0.13,2,3,8,34.8,3.9,1,0,1
EMP-0968,26,32,-0.09,3.26,0.04,12,11,2.53,-0.52,2,3,7,39.6,15.6,0,1,0
EMP-0969,18,17,2.41,4.54,0.24,6,3,4.3,0.31,0,1,23,9.7,89.2,9,2,1
EMP-0970,17,16,13.64,4.8,0.69,2,0,4.41,0.98,1,1,84,3.4,49.3,2,3,1
EMP-0971,108,25,9.35,4.58,0.22,3,0,3.96,0.48,0,1,91,8.1,73.8,5,3,0
EMP-0972,43,29,4.26,4.76,0.08,4,0,4.14,0.97,1,1,80,1.3,54.5,6,7,0
EMP-0973,50,17,5.18,4.78,0.38,8,4,3.91,0.08,0,1,70,23.1,70.3,8,3,0
EMP-0974,34,2,9.84,4.5,0.46,5,3,3.21,0.82,0,1,50,1.8,45.7,7,0,0
EMP-0975,101,3,6.38,4.63,0.09,7,4,3.33,-0.01,0,1,34,9.9,52.6,8,0,0
EMP-0976,68,21,10.32,3.76,0.48,2,3,4.97,0.43,0,1,92,6.3,48.4,9,1,0
EMP-0977,92,18,8.35,3.89,0.55,9,1,4.58,0.67,0,1,78,15.2,64.4,8,5,0
EMP-0978,7,9,7.68,3.64,0.72,2,4,4.49,0.63,1,1,44,15.3,50.3,5,7,0
EMP-0979,105,54,2.63,3.22,-0.0,17,5,1.83,-0.65,4,3,1,58.6,37.2,0,1,1
EMP-0980,15,20,14.0,4.62,0.47,5,4,4.53,0.18,1,1,91,2.4,59.3,5,0,0
EMP-0981,79,54,2.06,3.24,-0.02,12,8,2.69,-0.4,3,2,7,40.6,14.5,1,0,1
EMP-0982,37,52,0.71,2.65,-0.33,19,7,2.9,-0.73,3,3,6,43.5,24.5,1,1,1
EMP-0983,54,28,7.45,3.77,0.72,6,4,3.29,-0.14,0,1,42,6.3,72.6,8,0,0
EMP-0984,51,13,7.59,4.54,0.32,0,4,4.2,0.34,0,0,20,6.9,62.9,5,2,0
EMP-0985,58,48,0.15,2.71,-0.05,13,14,2.22,-0.46,2,2,3,22.2,0.1,1,0,1
EMP-0986,5,38,-0.12,2.3,-0.25,23,4,1.94,-0.23,4,2,17,51.7,24.0,1,0,0
EMP-0987,44,18,6.85,4.13,0.1,2,3,4.84,0.22,0,0,79,13.1,54.4,4,0,1
EMP-0988,68,14,12.22,4.31,0.76,6,4,3.96,0.4,1,0,26,21.9,71.7,8,5,0
EMP-0989,95,14,5.79,3.68,0.45,1,4,4.92,0.38,0,0,59,21.3,64.0,6,2,0
EMP-0990,21,26,2.14,2.64,-0.46,8,4,1.61,-0.14,4,1,0,56.3,25.0,1,1,1
EMP-0991,80,27,0.51,3.3,-0.02,16,5,1.61,-0.76,2,3,1,58.1,31.3,0,0,1
EMP-0992,74,27,14.72,4.06,-0.09,1,0,4.75,0.85,1,0,56,4.9,91.6,3,7,0
EMP-0993,9,28,2.5,3.19,-0.15,15,9,1.99,-0.48,2,2,15,24.7,34.0,0,0,0
EMP-0994,60,30,9.97,3.58,0.31,5,4,3.85,0.92,0,1,71,10.0,40.7,8,2,0
EMP-0995,52,47,0.82,3.32,-0.03,12,9,1.6,-0.52,3,1,14,51.9,27.3,1,0,0
EMP-0996,108,57,-0.92,3.33,-0.45,11,9,2.77,-0.45,2,3,6,48.3,38.9,1,0,1
EMP-0997,52,38,-1.98,2.04,-0.01,21,5,1.86,-0.62,4,2,6,29.5,20.1,1,0,0
EMP-0998,14,27,10.23,4.58,-0.04,4,0,3.1,0.08,0,1,39,1.6,66.6,7,0,0
EMP-0999,15,22,14.28,3.51,0.26,2,1,4.09,0.78,1,0,52,9.6,96.4,9,1,0
EMP-1000,4,35,6.76,3.56,0.77,1,2,4.9,0.18,1,1,77,21.9,89.2,2,1,0
